DATE DE CLASSEMENT;DATE DE PUBLICATION DE L'ETABLISSEMENT;TYPOLOGIE ÉTABLISSEMENT;CLASSEMENT;CATÉGORIE;MENTION;NOM COMMERCIAL;ADRESSE;CODE POSTAL;COMMUNE;TÉLÉPHONE;COURRIEL;SITE INTERNET;TYPE DE SÉJOUR;CAPACITÉ D'ACCUEIL (PERSONNES);NOMBRE DE CHAMBRES;NOMBRE D'EMPLACEMENTS;NOMBRE D'UNITES D'HABITATION;NOMBRE DE LOGEMENTS
42082;42082;HÔTEL;3 étoiles;-;-;COMFORT HOTEL GARDEN LILLE TOURCOING;3 avenue Henri Becquerel;59910;BONDUES;320360196;comfort-lille-tourcoing@wanadoo.fr;http://www.escaledesflandres.com;-;120;52;-;-;-
41456;41456;CAMPING;3 étoiles;Loisirs;-;CAMPING LES EVOÏCHES;1 route de Flînes;59870;MARCHIENNES;327904469;contact@camping-evoiches-marchiennes-nord.fr;www.camping-evoiches-marchiennes-nord.fr;-;-;-;150;-;-
42632;42632;HÔTEL;3 étoiles;-;-;HÔTEL LA FERME BLANCHE;9 rue pasteur;59840;LOMPRET;320929912;contact@fermeblanche.fr;www.fermeblanche.fr;-;18;9;-;-;-
41121;41121;HÔTEL;2 étoiles;-;-;L'ALEXANDRA;14 Avenue de la Mer;59820;GRAVELINES;328513000;lalexandrahotel@wanadoo.fr;www.lalexandra-hotel.fr;-;50;11;-;-;-
41060;41149;CAMPING;4 étoiles;Loisirs;-;CAMPING DES DUNES;rue Victor Hugo;59820;GRAVELINES;328230980;tessierjp@campingvpa.fr;http://www.camping-des-dunes.com;-;-;-;283;-;-
41098;41098;HÔTEL;1 étoile;-;-;FASTHOTEL LILLE LESQUIN;2 rue de l'europe;59810;LESQUIN;320876464;lille@fasthotel.com;http://www.fasthotel.com;-;99;48;-;-;-
41094;41094;HÔTEL;1 étoile;-;-;F1 LILLE LESQUIN AÉROPORT;Impasse Jean Jaurès;59810;LESQUIN;891705272;h2276-re@accor.com;http://hotelf1.com;-;267;97;-;-;-
40942;40942;HÔTEL;4 étoiles;-;-;NOVOTEL LILLE AEROPORT;55 Route de Douai;59810;LESQUIN;320625353;h0427-gm@accor.com;http://www.novotel.com;-;276;92;-;-;-
40920;40920;HÔTEL;4 étoiles;-;-;MERCURE LILLE AEROPORT;110 RUE JEAN JAURES;59810;LESQUIN;320874646;h1098-rd@accor.com;www.mercure-lille-aeroport.com;-;2163;215;-;-;-
40879;40879;HÔTEL;3 étoiles;-;-;IBIS STYLES LILLE AÉROPORT;Impasse Jean Jaurès;59810;LESQUIN;328542424;h2855-gm@accor.com;www.accorhotels.com/fr/hotel-2855-ibis-styles-lille-aeroport/index.shtml;-;237;73;-;-;-
42550;42550;HÔTEL;3 étoiles;-;-;HÔTEL IBIS LILLE CENTRE GRAND PALAIS;3 rue des Moulins de Garance;59800;LILLE;320113790;h9309@accor.com;http://www.accorhotels.com/fr/hotel-9309-ibis-lille-centre-grand-palais/index.shtml;-;195;91;-;-;-
42528;42528;HÔTEL;2 étoiles;-;-;HÔTEL VILLA GOUNOD;2 Rue Gounod;59800;LILLE;320313107;contact@villahotelgounod.com;http://www.villahotelgounod.com/;-;20;9;-;-;-
42096;42096;HÔTEL;3 étoiles;-;-;COMFORT HOTEL LILLE EUROPE;53 rue Chrispohe COLOMB ;59800;LILLE;320552155;comfort.lille@lhg-hotels.com;http://www.choicehotels.fr/;-;135;63;-;-;-
41835;41835;HÔTEL;3 étoiles;-;-;HÔTEL IBIS STYLES LILLE CENTRE GRAND PLACE;28 RUE ANATOLE FRANCE;59800;LILLE;320552511;H9420@accor.com;www.ibis.com;-;79;42;-;-;-
41128;41128;HÔTEL;2 étoiles;-;-;BELLE ÉTOILE HÔTEL MISTER BED CITY;passage 57 RUE DE BÉTHUNE;59800;LILLE;320129696;misterbed.lille@hotmail.fr;http://hebergement-lille.net;-;201;115;-;-;-
40914;40914;HÔTEL;2 étoiles;-;-;HÔTEL DU MOULIN D'OR;15 rue du Molinel;59800;LILLE;320061267;hotelmoulindor@orange.fr;http://hotelmoulindor.com;-;28;14;-;-;-
41235;41235;HÔTEL;2 étoiles;-;-;IBIS BUDGET LILLE RONCHIN;104 RUE LOUIS BRAILLE;59790;RONCHIN;892680307;h2581@accor.com;http://www.etaphotel.com;-;162;55;-;-;-
41458;41458;RÉSIDENCE DE TOURISME;3 étoiles;-;-;CITADINES CITY CENTRE LILLE;Avenue Willy Brandt - Euralille;59777;LILLE;328367500;lille@citadines.com;www.citadines.com;-;244;-;-;101;-
41313;41313;RÉSIDENCE DE TOURISME;2 étoiles;-;-;SÉJOURS ET AFFAIRES APPARTHOTEL LILLE EUROPE;271 Avenue Willy Brandt;59777;LILLE;153234402;gabrielle.destombes@reside-etudes.fr;www.sejours-affaires.com;-;354;-;-;113;-
41099;41099;HÔTEL;3 étoiles;-;-;HÔTEL LILLE EUROPE;AVENUE LE CORBUSIER;59777;LILLE;328367676;maryse.felix@wanadoo.fr;http://hotel-lille-europe.com;-;194;97;-;-;-
40861;40861;HÔTEL;4 étoiles;-;-;CROWNE PLAZA;335 BOULEVARD DE LEEDS;59777;EURALILLE;320424640;manager@lille-crowneplaza.com;http://www.lille-crowneplaza.com;-;909;121;-;-;-
41687;41687;HÔTEL;2 étoiles;-;-;HÔTEL B&B VALENCIENNES;Rue de Sologne;59770;MARLY;892702208;bb_4516@hotelbb.com;www.hotelbb.com;-;191;83;-;-;-
42020;42020;HÔTEL;1 étoile;-;-;HÔTEL IBIS BUDGET DUNKERQUE GRANDE-SYNTHE;1 RUE DE LA PORTE DE LILLE, ZAC DE COURGHAIN;59760;GRANDE-SYNTHE;892683163;h2545@accor.com;www.ibisbudget.com;-;115;43;-;-;-
41596;41596;HÔTEL;2 étoiles;-;-;FASTHOTEL DUNKERQUE;3 Rue de la Porte de Lille;59760;GRANDE-SYNTHE;328211776;dunkerque@fasthotel.com;http://fasthotel.com/profil/name/Dunkerque;-;118;59;-;-;-
41162;41162;HÔTEL;2 étoiles;-;-;BEST HOTEL DUNKERQUE GRANDE-SYNTHE;6 Rue du 8 mai 1945;59760;GRANDE-SYNTHE;328274669;dunkerque@besthotel.fr;http://www.besthotel.fr;-;150;45;-;-;-
41148;41148;HÔTEL;2 étoiles;-;-;DUNE HÔTEL;8 Rue du 8 Mai 1945;59760;GRANDE-SYNTHE;328215858;contact@dunehotel.fr;http://www.dunehotel.fr;-;98;44;-;-;-
41113;41113;HÔTEL;1 étoile;-;-;HOTEL F1 DUNKERQUE GRANDE-SYNTHE;rue du 8 mai 1945;59760;GRANDE-SYNTHE;891705239;h2465-re@accor.com;http://hotelf1.com;-;178;63;-;-;-
41513;41513;HÔTEL;2 étoiles;-;-;HÔTEL PREMIÈRE CLASSE MAUBEUGE FEIGNIES;126 ROUTE DE VALENCIENNES;59750;FEIGNIES;327667204;manager.maubeuge@premiereclasse.fr;http://www.premiereclasse.com;-;190;72;-;-;-
41103;41103;CAMPING;2 étoiles;Loisirs;-;CAMPING NATURA;1395 Rue de Sivry;59740;BEAURIEUX;327605177;camping.natura@neuf.fr;-;-;-;-;100;-;-
41054;41304;HÔTEL;3 étoiles;-;-;CHÂTEAU DE LA MOTTE;16 RUE DE LA MOTTE;59740;LIESSIES;327618194;contact@chateaudelamotte.fr;http://chateaudelamotte.fr;-;20;10;-;-;-
42468;42468;HÔTEL;2 étoiles;-;-;HÔTEL B&B MAUBEUGE LOUVROIL;48 rue de l'espérance;59720;LOUVROIL;327580504;bb_4559@hotelbb.com;http://www.hotel-bb.com/fr/hotels/maubeuge-louvroil.htm;-;219;82;-;-;-
41113;41113;CAMPING;1 étoile;Loisirs;-;CAMPING LES ÉTANGS DE LA SABLIÈRE;245 RUE du Général LECLERC;59710;MÉRIGNIES;664512828;camping.lasabliere@wanadoo.fr;-;-;-;-;25;-;-
42142;42142;HÔTEL;4 étoiles;-;-;HÔTEL MERCURE LILLE METROPOLE;157 avenue de la Marne;59700;MARCQ-EN-BARŒUL;328331212;H1099-GM@accor.com;http://www.mercure-lille-metropole.com;-;250;125;-;-;-
42135;42135;HÔTEL;3 étoiles;-;-;HÔTEL DU CROISÉ;191 rue de la Rianderie;59700;MARCQ-EN-BARŒUL;320722563;contacthotelcroise@orange.fr;www.hotelducroise.com;-;23;11;-;-;-
41128;41128;HÔTEL;2 étoiles;-;-;IBIS BUDGET LILLE MARCQ EN BAROEUL;340 AVENUE DE LA MARNE;59700;MARCQ-EN-BAROEUL;320724911;HA3NA@accor.com;http://www.ibis.com;-;135;63;-;-;-
40990;40998;HÔTEL;3 étoiles;-;-;IBIS STYLE LILLE MARC-EN-BAROEUL;Parc Europe 340 Avenue de la Marne;59700;MARCQ-EN-BARŒUL;320892323;H9084@accor.com;http://ibisstyleshotel.ibis.com/;-;415;95;-;-;-
41432;41432;CAMPING;2 étoiles;Loisirs;-;CAMPING LA HOUBLONNIÈRE;1345 route de Bray Dunes;59670;WINNEZEELE;328409306;la.houblonniere@orange.fr;-;-;-;-;80;-;-
41375;41375;HÔTEL;3 étoiles;-;-;HOTEL B&B LILLE STADE PIERRE MAUROY;Boulevard de Tournai;59650;VILLENEUVE-D'ASCQ;892702548;bb_4539@hotelbb.com;http://www.hotel-bb.com;-;211;99;-;-;-
41351;41351;HÔTEL;4 étoiles;-;-;PARK INN BY RADISSON LILLE GRAND STADE;211 BOULEVARD DE TOURNAI;59650;VILLENEUVE-D'ASCQ;33320644000;RESERVATIONS.LILLE@REZIDORPARKINN.COM;http://www.parkinn.com/hotel-lille;-;254;127;-;-;-
41240;41240;HÔTEL;3 étoiles;-;-;HÔTEL MORPHÉE;35 rue de la Cousinerie;59650;VILLENEUVE-D'ASCQ;320471718;b.mullet@hotel-morphee.com;http://www.hotel-morphee.com;-;137;68;-;-;-
41200;41200;RÉSIDENCE DE TOURISME;3 étoiles;-;-;OLIVARIUS APART'HÔTEL;6 Avenue Halley;59650;VILLENEUVE D'ASCQ;359353635;welcome@olivarius.com;www.olivarius-lille.com;-;544;-;-;114;-
41128;41128;HÔTEL;3 étoiles;-;-;HÔTEL KYRIAD LILLE EST VILLENEUVE-D'ASCQ;15 allée de la Créativité;59650;VILLENEUVE-D'ASCQ;03.20.47.46.46;lille.vda@kyriad.fr;-;-;186;84;-;-;-
41100;41100;HÔTEL;2 étoiles;-;-;HOTEL STARS;7 rue entre-deux-villes;59650;VILLENEUVE-D'ASCQ;320670720;stars-lille@jjwhotels.com;http://lille.starshotels.com/;-;76;38;-;-;-
41050;41050;HÔTEL;3 étoiles;-;-;ASCOTEL LILLE MÉTROPOLE;7 Avenue Paul Langevin;59650;VILLENEUVE D'ASCQ;320673434;complexe@ascotel.fr;http://hotel-ascotel.com;-;183;83;-;-;-
40921;40921;HÔTEL;3 étoiles;-;-;CAMPANILE VILLENEUVE D'ASCQ;48 AVENUE DE CANTELEU;59650;VILLENEUVE D'ASCQ;320918310;manager.lille.villeneuvedascq@campanile.fr;http://www.campanile.fr;-;98;49;-;-;-
40920;40920;HÔTEL;3 étoiles;-;-;HOTEL IBIS LILLE VILLENEUVE D'ASCQ;RUE DU VERCORS;59650;VILLENEUVE D'ASCQ;320918150;H0614-GM@accor.com;http://www.ibishotel.com/fr/home/index.shtml;-;260;80;-;-;-
40917;40917;HÔTEL;2 étoiles;-;-;IBIS BUDGET VILLENEUVE D'ASCQ;9 BOULEVARD DE MONS;59650;VILLENEUVE-D'ASCQ;892700386;h5085-RE@accor.com;http://ibisbudgethotel.ibis.com/;-;225;76;-;-;-
40914;40914;HÔTEL;1 étoile;-;-;HOTELF1 LILLE - VILLENEUVE D'ASCQ;3 boulevard de Mons;59650;VILLENEUVE D'ASCQ;891705428;H2299-RE@accor.com;http://www.accorhotels.com/fr/hotel-2299-formule-1-hotelf1-lille-villeneuve-d-ascq/index.shtml;-;220;80;-;-;-
41765;41765;HÔTEL;2 étoiles;-;-;HÔTEL AUX TROIS ARCADES;55 Avenue Anthony Caro;59630;BOURBOURG;03 28 22 21 30;aux3arcades@orange.fr;http://www.aux3arcades.com/;-;24;12;-;-;-
41270;41270;CAMPING;3 étoiles;Loisirs;-;LES PRAIRIES DE LA COLME;635 CHEMIN DU VLIET;59630;LOOBERGHE;328220088;camping.lesprairiesdelacolme@gmail.com;-;-;-;-;62;-;-
41218;41218;CAMPING;2 étoiles;Loisirs;-;CAMPING LA ROSE DES VENTS;600 rue du Jeu;59630;LOOBERGHE;03.28.29.85.00;marc.verschelde@free.fr;-;-;-;-;28;-;-
41218;41218;CAMPING;2 étoiles;Loisirs;-;CAMPING DE LA COLME;45 Bis Route de Watten;59630;LOOBERGHE;328298559;colmecamping@wanadoo.fr;-;-;-;-;58;-;-
42652;42652;HÔTEL;3 étoiles;-;-;CHÂTEAU DE LA MARLIÈRE;62-64 rue Théophile Legrand;59610;FOURMIES;327588800;infos@chateaudelamarliere.com;www.chateaudelamarliere.com;-;18;9;-;-;-
41246;41246;CAMPING;3 étoiles;Loisirs;-;CAMPING LES ÉTANGS DES MOINES;100 rue des étangs;59610;FOURMIES;327600432;maxence.lefebvre@copalia.fr;http://www.etangs-des-moines.fr;-;-;-;106;-;-
41101;41101;HÔTEL;3 étoiles;-;-;HÔTEL IBIS;RUE DES ETANGS DES MOINES;59610;FOURMIES;327602154;H0707@ACCOR.COM;http://www.ibishotel.com/fr/hotel-0707-ibis-fourmies/index.shtml;-;99;31;-;-;-
42587;42587;HÔTEL;3 étoiles;-;-;LE GRAND HÔTEL;1 Porte de Paris;59600;MAUBEUGE;327626687;contact@grand-hotel-maubeuge.fr;https://www.grand-hotel-maubeuge.fr/;-;64;28;-;-;-
42467;42467;HÔTEL;3 étoiles;-;-;HÔTEL IBIS MAUBEUGE;Avenue de la gare;59600;MAUBEUGE;327572133;H6551@accor.com;http://www.accorhotels.com/fr/hotel-6551-ibis-maubeuge/index.shtml;-;203;90;-;-;-
42463;42463;HÔTEL;3 étoiles;-;-;BEST WESTERN ATELIER 117;117 AVENUE JEAN JAURÈS;59600;MAUBEUGE;327621500;bestwestern@latelier117.com;http://www.latelier117.com/;-;84;42;-;-;-
41479;41479;CAMPING;2 étoiles;Loisirs;-;LES AVALLÉES;18 rue du faubourg;59600;VILLERS-SIRE-NICOLE;327679256;loisirs-les-avallees@wanadoo.fr;http://loisirs-les-avallees.fr;-;-;-;110;-;-
40962;40967;HÔTEL;3 étoiles;-;-;CAMPANILE MAUBEUGE;AVENUE JEAN JAURES - RN 49;59600;MAUBEUGE;327640091;maubeuge@campanile.fr;http://www.campanile-maubeuge.fr/fr/index.aspx;-;78;39;-;-;-
40833;40871;HÔTEL;3 étoiles;-;-;LA TOUR DES LYS;89 ROUTE DE MONS;59600;MAIRIEUX;327608540;hotellatourdeslys@orange.fr;http://www.restaurantles3entetes.fr/l-hotel-la-tour-des-lys/annonces-l-hotel-la-tour-des-lys-1?menuNb=2;-;28;14;-;-;-
41198;41198;PARC RÉSIDENTIEL DE LOISIRS;2 étoiles;-;-;LES CHALETS DE LA FLAMINETTE;44 rue laurent niogret;59570;HON-HERGIES;327676123;leschaletsdelaflaminette@wanadoo.fr;www.leschaletsdelaflaminette.fr;-;-;-;10;-;-
41190;41190;CAMPING;3 étoiles;Loisirs;-; CAMPING LES NÉNUPHARS;10 RUE GILLES BEAURIEUX;59570;TAISNIÈRES-SUR-HON;327394093;campinglesnenuphars@orange.fr;www.campinglesnenuphars.com;-;-;-;23;-;-
41110;41110;CAMPING;1 étoile;Loisirs;-;CAMPING LES CHARMES;1 rue de Meaurain;59570;BETTRECHIES;327631615;etapedelapierrebleue@laposte.net;http://www.etapedelapierrebleue.fr;-;-;-;51;-;-
41736;41736;HÔTEL;2 étoiles;-;-;HÔTEL B&B DOUAI CUINCY;Rue Antoine Blondel;59553;CUINCY;892788039;bb_4407@hotelbb.com;www.hotelbb.com;-;144;72;-;-;-
40914;40914;HÔTEL;3 étoiles;-;-;HOTEL RESTAURANT CAMPANILE;RUE MAXIMILIEN ROBESPIERRE;59553;CUINCY;327969700;douai.cuincy@campanile.fr;http://campanile.com;-;100;50;-;-;-
41577;41577;CAMPING;1 étoile;Loisirs;-;L'AUBERGE DU MOULIN DES PRÉS;le moulin des prés;59550;MAROILLES;649676705;ludovic.wojnarowski@laposte.net;www.lemoulindespres.fr;-;-;-;65;-;-
42053;42053;HÔTEL;2 étoiles;-;-;HÔTEL'N;1 boulevard du 8 mai 1945;59540;CAUDRY;327765800;f-w2009@live.fr;-;-;84;42;-;-;-
41018;41026;HÔTEL;3 étoiles;-;-;HÔTEL AKENA;BD DU 8 MAI 1945 ZONE COMMERCIALE NEYRIER;59540;CAUDRY;327829141;caudry59@hotels-akena.com;http://hotels-akena.com;-;113;49;-;-;-
40990;40990;HÔTEL;4 étoiles;-;-;ALTIA HOTEL;3 RUE DU VERTUQET;59535;NEUVILLE EN FERRAIN;320288800;els.delaere@altia-hotel.com;http://www.altia-hotel.com;-;1000;108;-;-;-
42303;42303;CAMPING;3 étoiles;Loisirs;-;CAMPING DU LAC VAUBAN;CHEMIN DE GHISSIGNIES;59530;LE QUESNOY;327491007;camping-du-lac-vauban@wanadoo.fr;http://www.lequesnoyvilleforte.fr/tourisme/camping;-;-;-;173;-;-
41779;41779;CAMPING;1 étoile;Loisirs;-;DOMAINE DE MORMAL;22 rue du franc à louer;59530;VILLEREAU;327418868;f.dupont@vld-mormal.com;www.vld-mormal.com;-;-;-;77;-;-
41197;41197;CAMPING;4 étoiles;Loisirs;-;CAMPING LE PRÉ VERT;chemin du moulin;59530;POTELLE;327490947;camping.le.pre.vert@orange.fr;http://camping.le.pre.vert-orange.fr.over-blog.com/;-;-;-;59;-;-
41102;41102;CAMPING;2 étoiles;Loisirs;-;CAMPING AU MOULIN DE FRASNOY;5 ROUTE DE VILLERS POL;59530;FRASNOY;327494330;contact@camping-de-frasnoy.fr;http://camping-de-frasnoy.fr;-;-;-;94;-;-
41148;41148;HÔTEL;3 étoiles;-;-;CAMPANILE LILLE HEM;avenue Henri Delecroix;59510;HEM;320750037;manager.lille.hem@campanile.fr;http://campanile.fr;-;98;49;-;-;-
42216;42216;HÔTEL;3 étoiles;-;-;HÔTEL LE GRAND CERF;16 rue saint JEAN;59500;DOUAI;327887960;hotellegrandcerf@orange.fr;http://www.hotel-legrandcerf-douai.fr/;-;50;25;-;-;-
41317;41317;HÔTEL;3 étoiles;-;-;VOLUBILIS;Boulevard Vauban;59500;DOUAI;327880011;contact@hotel-volubilis.fr;www.hotel-volubilis.fr;-;110;55;-;-;-
41113;41113;HÔTEL;3 étoiles;-;-;LA TERRASSE;36 terrasse saint-pierre ;59500;DOUAI;327887004;contact@laterrasse.fr;www.laterrasse.fr;-;35;21;-;-;-
40892;40892;HÔTEL;3 étoiles;-;-;IBIS DOUAI CENTRE;PLACE SAINT AME;59500;DOUAI;327872727;h0956-gm@accor.com;http://www.ibishotel.com;-;84;42;-;-;-
40829;40855;HÔTEL;2 étoiles;-;-;LE GAYANT;20 PLACE PIERRE BROSSOLETTE;59500;DOUAI;327882997;contact@legayant-hotel.fr;http://www.legayant-hotel.fr;-;135;45;-;-;-
41487;41487;CAMPING;3 étoiles;Loisirs;-;MER ET VACANCES;Rue Jean Baptiste CHARCOT;59495;LEFFRINCKOUCKE;328201732;jf.maes@flandria-loisirs.com;www.camping-mer-et-vacances.com;-;-;-;110;-;-
41673;41673;HÔTEL;2 étoiles;-;-;IBIS BUDGET VALENCIENNES PETITE FORÊT;RUE GAY LUSSAC;59494;PETITE-FORÊT;327295555;h8479@accor.com;http://www.ibisbudget.com;-;211;96;-;-;-
41236;41236;HÔTEL;1 étoile;-;-;HÔTEL PREMIÈRE CLASSE VALENCIENNES OUEST PETITE-FORÊT;zone d'activité commerciale auchan, RUE GAY LUSSAC;59494;PETITE-FORÊT;327330606;valenciennes.petiteforet@premiereclasse.fr;-;-;184;75;-;-;-
41101;41101;HÔTEL;3 étoiles;-;-;HOSTELLERIE DU CHÂTEAU D'AUBRY;65 RUE HENRI MAURICE;59494;AUBRY-DU-HAINAUT;327218888;chateau.aubry@wanadoo.fr;http://www.chateau-aubry.com;-;35;17;-;-;-
40861;40871;HÔTEL;3 étoiles;-;-;HOTEL RESTAURANT CAMPANILE;ZAC AUCHAN RUE LOUIS JOSEPH GAY LUSSAC;59494;PETITE-FORÊT;327478787;valenciennes.petiteforet@campanile.fr;http://www.campanile.fr;-;292;53;-;-;-
42550;42550;HÔTEL;3 étoiles;-;-;HOSTELLERIE SAINT-LOUIS;47 rue de l'église;59470;BOLLEZEELE;328688183;stephanie.fasquel@orange.fr;http://www.hostelleriesaintlouis.com;-;49;26;-;-;-
41792;41792;CAMPING;2 étoiles;Loisirs;-;CAMPING SAINT ANTOINE;849 chemin des Cinq Rues;59470;BOLLEZEELE;03.28.68.08.92;alexandra.aube@free.fr;http://campingbollezeele.free.fr/;-;-;-;44;-;-
41577;41577;CAMPING;2 étoiles;Loisirs;-;DOMAINE DES CHÊNES;Route de Winnezeele;59470;HOUTKERQUE;321930438;vert.manoir@hotmail.com;-;-;-;-;24;-;-
41352;41352;CAMPING;2 étoiles;Loisirs;-;CAMPING LES CENT FLEURS;960 route de Cassel;59470;MERCKEGHEM;328680305;paccou.annechantal@wanadoo.fr;-;-;-;-;36;-;-
41155;41155;CAMPING;3 étoiles;Loisirs;-;DOMAINE DU GROENE VELD ;6 bis voie romaine;59470;ZEGERSCAPPEL;328689340;campinglegroeneveld@wanadoo.fr;www.camping-legroeneveld.fr;-;-;-;84;-;-
41109;41109;CAMPING;2 étoiles;Tourisme;-;CAMPING DES ROSES;2 CHEMIN DU HéRON;59470;ESQUELBECQ;328629009;baudensportra@orange.fr;http://www.fermeheegernest.fr;-;-;-;37;-;-
42653;42653;CAMPING;2 étoiles;Loisirs;-;CAMPING AU BOL D'AIR;16 RUE DE FLAUMONT;59440;SÉMERIES;327590554;campingauboldair@orange.fr;http://www.camping-auboldair.fr/;-;-;-;120;-;-
41270;41270;CAMPING;1 étoile;Loisirs;-;LA FONTAINE DE L'ERMITAGE;LIEU DIT L'ERMITAGE;59440;SAINT-HILAIRE-SUR-HELPE;327578488;bbgd59@hotmail.fr;-;-;-;-;50;-;-
41239;41239;HÔTEL;2 étoiles;-;-;HÔTEL LES PATURELLES;40 route d'etroeungt, Avesnelles;59440;AVESNES-SUR-HELPE;327612222;lapentiere@cegetel.net;http://WWW.hotelpaturelles.com;-;57;25;-;-;-
41227;41227;HÔTEL;1 étoile;-;-;HÔTEL PREMIÈRE CLASSE DUNKERQUE SAINT-POL-SUR-MER;14 RUE ANTOINE LAVOISIER;59430;SAINT-POL-SUR-MER;328616314;dunkerque.stpol@premiereclasse.fr;http://www.premiereclasse.fr;-;207;70;-;-;-
40969;40980;HÔTEL;1 étoile;-;-;HOTELF1 DUNKERQUE CENTRE SAINT POL SUR MER;4 RUE FRANCOIS ARAGO;59430;SAINT POL SUR MER;891705240;h2241-re@accor.com;http://www.hotelf1.com;-;168;64;-;-;-
41792;41792;CAMPING;3 étoiles;Tourisme;-;CAMPING MUNICIPAL LES TROIS CLOCHERS;77 rue Jean Goude;59400;CAMBRAI;03 27 70 91 64;camping@mairie-cambrai.fr;-;-;-;-;50;-;-
41240;41240;HÔTEL;3 étoiles;-;-;LE MOUTON BLANC;33 RUE ALSACE LORRAINE;59400;CAMBRAI;327813016;RESAMOUTON@ORANGE.FR;-;-;360;30;-;-;-
41183;41183;HÔTEL;3 étoiles;-;-;CHÂTEAU DE LA MOTTE FENELON;SQUARE DU CHâTEAU;59400;CAMBRAI;327836138;contact@cambrai-chateau-motte-fenelon.com;http://cambrai-chateau-motte-fenelon.com;-;79;37;-;-;-
41141;41141;HÔTEL;2 étoiles;-;-;TABL'HÔTEL;route de bapaume;59400;FONTAINE-NOTRE-DAME;03.27.81.81.41;tablhotel@wandoo.fr;http://www.tabl-hotel-fontaine-notre-dame.federal-hotel.com/;-;96;41;-;-;-
41102;41102;HÔTEL;3 étoiles;-;-;HÔTEL BEATUS;718 avenue de paris;59400;CAMBRAI;327814570;hotel.beatus@wanadoo.fr;www.beatus-cambrai.com;-;64;31;-;-;-
41018;41018;HÔTEL;1 étoile;-;-;HÔTEL F1 CAMBRAI;ROUTE DE BAPAUME;59400;FONTAINE-NOTRE-DAME;322910094;crghotels@aol.com;http://www.accorhotels.com;-;192;64;-;-;-
40969;40980;HÔTEL;3 étoiles;-;-;IBIS CAMBRAI;ROUTE DE BAPAUME;59400;FONTAINE-NOTRE-DAME;322910094;CRGHOTELS@AOL.COM;-;-;201;52;-;-;-
40948;40948;HÔTEL;3 étoiles;-;-;L'HÔTEL DE FRANCE;37 rue de Lille;59400;CAMBRAI;327813880;la-canardiere@wanadoo.fr;http://hoteldefrance-cambrai.fr;-;30;12;-;-;-
42270;42270;HÔTEL;3 étoiles;-;-;QUALITY HÔTEL DUNKERQUE;2 rue du lac;59380;ARMBOUTS-CAPPEL;+33(0)328607060;contact@qualityhoteldunkerque.com;www.qualityhoteldunkerque.com;-;130;64;-;-;-
41704;41704;PARC RÉSIDENTIEL DE LOISIRS;3 étoiles;-;-;LES RÉSIDENCES LA BECQUE;791 rue de l'EST;59380;WARHEM;328620040;sarl-rlb@orange.fr;http://www.residences-la-becque.com/;-;-;-;157;-;-
41428;41428;CAMPING;2 étoiles;Loisirs;-;CAMPING VAUBAN ;Boulevard Vauban;59380;BERGUES;628776694;annie.blary@orange.fr;campingvauban.free.fr;-;-;-;76;-;-
41407;41407;HÔTEL;3 étoiles;-;-;AU TONNELIER;2-4 rue du mont de piété;59380;BERGUES;328687005;contact@autonnelier.com;www.autonnelier.com;-;83;40;-;-;-
41198;41198;PARC RÉSIDENTIEL DE LOISIRS;3 étoiles;-;-;LE VERT VILLAGE;17 Voie Romaine ;59380;CROCHTE;328621396;le.vert.village@wanadoo.fr;www.levertvillage.com;-;-;-;35;-;-
41159;41159;CAMPING;3 étoiles;Loisirs;-;CAMPING DU BOIS DES FORTS;chemin départemental 72;59380;COUDEKERQUE;328610441;berna.frappe@gmail.com;http://www.tourisme-nordpasdecalais.fr/campings/camping-du-bois-des-forts.html;-;-;-;130;-;-
41060;41521;HÔTEL;3 étoiles;-;-;MOTEL 25;2 route de Crochte;59380;SOCX;328687900;motel25@wanadoo.fr;http://www.motel25.fr;-;90;41;-;-;-
40924;40924;HÔTEL;3 étoiles;-;-;HÔTEL CAMPANILE;1 TER RUE DU LAC;59380;ARMBOUTS-CAPPEL;328646470;manager.dunkerque.armboutscappel@campanile.fr;http://www.campanile.fr;-;78;39;-;-;-
41128;41128;HÔTEL;3 étoiles;-;-;COMFORT HOTEL LILLE MONS-EN-BAROEUL;56 avenue Léon Blum;59370;MONS-EN-BAROEUL;320333933;contact@comforthotel-lille.com;www.comforthotel-lille.com;-;96;47;-;-;-
40987;40990;HÔTEL;2 étoiles;-;-;HOSTELLERIE DU MARCHÉ ;45 rue de Landrecies;59360;LE CATEAU- CAMBRÉSIS;327840932;resahostellerie@voila.fr;http://www.hostelleriedumarche.com;-;25;9;-;-;-
40872;40878;HÔTEL;1 étoile;-;-;HOTEL PREMIERE CLASSE VALENCIENNESSUD ROUVIGNIES;ZI N°2- B900 - RUE LOUIS DACQUIN;59328;VALENCIENNES;327211130;valenciennes.rouvignies@premiereclasse.fr;http://www.premiereclasse.com;-;210;71;-;-;-
41121;41121;HÔTEL;4 étoiles;-;-;HOLIDAY INN LILLE OUEST ENGLOS;impasse Bertha;59320;ENGLOS;320105858;reservations@hilille.com;http://www.holidayinn.com/hotels/fr/fr/englos/lilen/hoteldetail;-;350;121;-;-;-
41085;41085;HÔTEL;2 étoiles;-;-;IBIS BUDGET LILLE ENGLOS;CENTRE COMMERCIAL ENGLOS LES GEANTS ;59320;HAUBOURDIN;892683255;h3091-re@accor.com;http://etaphotel.com;-;189;74;-;-;-
41218;41218;CAMPING;3 étoiles;Loisirs;-;CAMPING LA GENTILHOMMIÈRE;905 rue de Beaumetz;59310;SAMÉON;320615403;campsameon@orange.fr;www.camping-lagentilhommiere.fr;-;-;-;81;-;-
41122;41122;CAMPING;2 étoiles;Loisirs;-;CAMPING LE CLOS FLEURI;375 Rue Verte;59310;FAUMONT;620872359;LUC.DESBONNET@SFR.FR;-;-;-;-;66;-;-
40829;40829;HÔTEL;3 étoiles;-;-;HOTEL LE MANOIR;D549 (ROUTE DE SECLIN);59310;ORCHIES;320646868;contact@manoir.net;http://www.manoir.net;-;70;34;-;-;-
41141;41141;HÔTEL;2 étoiles;-;-;BALLADINS VALENCIENNES AÉROPORT;2 rue Louis DACQUINS;59309;VALENCIENNES;327211555;valenciennes.aeroport@balladins.com;http://www.balladins.com;-;254;42;-;-;-
40945;40946;HÔTEL;2 étoiles;-;-;IBIS BUDGET VALENCIENNES;zone industrielle n°2 BP100;59309;VALENCIENNE;892683119;h2592-re@accor.com;http://ibisbudgethotel.ibis.com/;-;214;65;-;-;-
41765;41765;HÔTEL;2 étoiles;-;-;HÔTEL LE BRISTOL;2 Avenue du Maréchal de Lattre de Tassigny;59300;VALENCIENNES;03 27 46 58 88;Hotel-le-bristol@hotmail.fr;http://le-bristol-hotel.com/;-;45;20;-;-;-
41388;41388;RÉSIDENCE DE TOURISME;3 étoiles;-;-;RESIDHOME APPARTHOTEL DU THÉATRE;90 boulevard Harpignies;59300;VALENCIENNES;03 27 19 80 80;gabrielle.destombes@reside-etudes.fr;www.residhome.com;-;158;-;-;71;-
41236;41236;HÔTEL;4 étoiles;-;-;MERCURE VALENCIENNES CENTRE;5 RUE DU SAINT-CORDON;59300;VALENCIENNES;327235060;H8576@ACCOR.COM;http://www.mercure.com/fr/hotel-8576-mercure-valenciennes-centre/services.shtml;-;418;87;-;-;-
41095;41095;HÔTEL;2 étoiles;-;-;HÔTEL NOTRE DAME;1 place Abbé Thellier de Poncheville;59300;VALENCIENNES;327423000;hotel.notredame@wanadoo.fr;http://www.hotel-valenciennes-notredame.com;-;88;35;-;-;-
41094;41094;HÔTEL;3 étoiles;-;-;HÔTEL LE CHAT BOTTÉ;25 rue Tholozé;59300;VALENCIENNES;327145859;hotel.lechatbotte@wanadoo.fr;http://www.hotel-lechatbotte.com/;-;66;33;-;-;-
41019;41019;HÔTEL;3 étoiles;-;-;LE GRAND HOTEL DE VALENCIENNES;8 PLACE DE LA GARE;59300;VALENCIENNES;327463201;zielinger.brigitte@wanadoo.fr;http://www.grand-hotel-de-valenciennes.fr;-;173;85;-;-;-
40879;40879;HÔTEL;3 étoiles;-;-;IBIS VALENCIENNES;90 rue baudouin l'edifieur;59300;VALENCIENNES;327228080;h6549@accor.com;http://www.ibishotel.com;-;0;135;-;-;-
41117;41117;CAMPING;4 étoiles;Loisirs;-;CAMPING DES 5 CHEMINS VERTS;688 rue des 5 chemins verts;59299;BOESCHEPE;328494237;camping5cheminsverts@orange.fr;http://camping-5-chemins-verts.fr;-;-;-;120;-;-
41113;41113;HÔTEL;2 étoiles;-;-;AUBERGE DU VERT MONT;1318 rue du mont noir;59299;BOESCHEPE;328494126;contact@aubergeduvertmont.fr;www.aubergeduvertmont.fr;-;14;7;-;-;-
41115;41115;CAMPING;2 étoiles;Loisirs;-;CAMPING DE LA BLIQUE;2 rue de Wavrechain-sous-faulx;59295;PAILLENCOURT;327892444;michel.dhollandeguidez@sfr.fr;http://www.tourisme-nordpasdecalais.fr/campings/camping-de-la-blique.html;-;-;-;66;-;-
42524;42524;HÔTEL;2 étoiles;-;-;HÔTEL IBIS BUDGET LILLE WASQUEHAL;12 Avenue du Grand Cottignies;59290;WASQUEHAL;892707529;h6673@accor.com;http://www.accorhotels.com/fr/hotel-6673-ibis-budget-lille-wasquehal/index.shtml;-;194;67;-;-;-
40885;40910;HÔTEL;3 étoiles;-;-;HÔTEL RESTAURANT CAMPANILE;avenue de la marne;59290;WASQUEHAL;320720094;manager.lille.wasquehal@campanile.com;http://www.campanile.com;-;202;88;-;-;-
41099;41099;CAMPING;3 étoiles;Loisirs;-;CAMPING DE L'HOFLAND;1482 route de Bourbourg;59285;RUBROUCK;686367794;p.coinon@wanadoo.fr;http://campingdelhofland.free.fr;-;-;-;74;-;-
41992;41992;CAMPING;2 étoiles;Loisirs;-;CAMPING DU 20ÈME SIÈCLE;12 rue cappel straete;59284;PITGAM;03 28 62 14 44   ;taccoenpascal@wanadoo.fr;-;-;-;-;76;-;-
41522;41522;CAMPING;2 étoiles;Loisirs;-;CAMPING À LA DÉTENTE;18 route du nieppe;59284;PITGAM;03.28.62.14.58;sylvie1662@live.fr;-;-;-;-;75;-;-
41183;41183;HÔTEL;2 étoiles;-;-;HÔTEL JOLY;12 rue du Président Kennedy;59280;ARMENTIÈRES;03.20.77.00.94;hotel.joly59280@wanadoo.fr;www.hoteljoly.fr;-;30;20;-;-;-
41375;41375;HÔTEL;3 étoiles;-;-;CAMPANILE DUNKERQUE SUD - LOON PLAGE;1100 RUE CHARLES DE GAULLE;59279;LOON-PLAGE;327282140;dunkerque.loonplage@campanile.fr;www.campanile-dunkerque-sud-loon-plage.fr;-;125;56;-;-;-
41060;41089;HÔTEL;3 étoiles;-;-;KYRIAD LOON-PLAGE;1 rue Charles de Gaulle;59279;LOON-PLAGE;328214242;manager.dunkerque.loonplage@kyriad.fr;http://www.kyriad-dunkerque-sud-loon-plage.fr/fr/index.aspx;-;109;54;-;-;-
42216;42216;HÔTEL;3 étoiles;-;-;BELLE HÔTEL;19 RUE DE LILLE;59270;BAILLEUL;328491900;accueil@bellehotel.fr;http://bellehotel.fr;-;75;31;-;-;-
41376;41376;CAMPING;4 étoiles;Tourisme;-;CAMPING DU MONT NOIR ;2810 route du parc ;59270;SAINT-JANS-CAPPEL;674413076;auterrier@wanadoo.fr;http://www.campingdumontnoir.com;-;-;-;108;-;-
41151;41151;HÔTEL;3 étoiles;-;-;HÔTEL FLEUR DE LYS;avenue de l'europe;59270;BAILLEUL;328502000;bailleul@fleurdelyshotel.fr;http://www.fleurdelyshotel.fr;-;40;20;-;-;-
40987;40990;HÔTEL;1 étoile;-;-;HOTEL F1 LILLE BAILLEUL;Avenue de l'europe, zone industrielle de la Blanche Maison;59270;BAILLEUL;891705175;h2397-re@accor.com;http://hotelF1.com;-;178;63;-;-;-
41113;41113;HÔTEL;3 étoiles;-;-;LA GENTILHOMMIÈRE;2 Rue de l'église;59269;ARTRES;03.27.28.18.80;la.gentilhommiere@wanadoo.fr;hotel-lagentilhommiere.com;-;300;10;-;-;-
41148;41148;HÔTEL;1 étoile;-;-;HÔTEL PREMIÈRE CLASSE CAMBRAI;75 rue Jean D'Alembert;59267;PROVILLE;327709118;manager.cambrai.proville@premiereclasse.fr;http://www.premiereclasse.com;-;122;47;-;-;-
40990;40998;HÔTEL;3 étoiles;-;-;ZENIA HÔTEL & SPA;rue René Descartes ;59267;PROVILLE;327783667;zeniahotel@orange.fr;http://www.zeni-hotel-spa.fr ;-;168;84;-;-;-
41218;41218;CAMPING;1 étoile;Loisirs;-;CAMPING DE L'ESCAUT;12 rue de l'église;59266;HONNECOURT-SUR-ESCAUT;327743222;camping.delescaut@orange.fr;http://www.campingdelescaut.fr;-;-;-;100;-;-
41249;41249;CAMPING;3 étoiles;Loisirs;-;CAMPING DE LA ROSERAIE;25 rue Léo Lagrange;59265;AUBIGNY-AU-BAC;327892522;j-mdelabre@wanadoo.fr;-;-;-;-;38;-;-
41218;41218;CAMPING;1 étoile;Loisirs;-;CAMPING MUNICIPAL LA RÉPUBLIQUE;Rue de la Plage;59265;AUBIGNY-AU-BAC;685425374;mairie.aubigny.au.bac@wanadoo.fr;-;-;-;-;156;-;-
41155;41155;CAMPING;3 étoiles;Loisirs;-;CAMPING DE LA SENSÉE;12 rue Léo Lagrange;59265;AUBIGNY-AU-BAC;327892522;contact@camping-sensee.com;http://www.camping-sensee.com;-;-;-;180;-;-
41115;41115;CAMPING;3 étoiles;Loisirs;-;LES COLOMBES;2 rue des colombes;59265;AUBENCHEUL-AU-BAC;327892590;campinglescolombes@yahoo.com;http://campinglescolombes.fr;-;-;-;116;-;-
41218;41218;CAMPING;2 étoiles;Loisirs;-;CAMPING DU GRAND SART;279 chemin du Gransart;59262;SAINGHIN-EN-MÉLANTOIS;320797520;veronique.cabaret575@orange.fr;-;-;-;-;75;-;-
42262;42262;HÔTEL;4 étoiles;-;-;HÔTEL MERCURE LILLE CENTRE VIEUX LILLE;27 RUE DES TOURS;59260;LILLE;359574700;h9735-gm@accor.com;http://www.mercure.com/fr/hotel-9735-hotel-mercure-lille-centre-vieux-lille-/index.shtml;-;148;74;-;-;-
41766;41766;HÔTEL;2 étoiles;-;-;HÔTEL B&B LILLE LEZENNES STADE PIERRE MAUROY;Rue des Carriers;59260;LEZENNES;892707528;bb_4187@hotelbb.com;www.hotelbb.com;-;199;70;-;-;-
41242;41242;HÔTEL;1 étoile;-;-;HÔTEL COQ HARDI;34 place de la gare;59260;LILLE;320060589;hotel.coq.hardi@gmail.com;-;-;50;28;-;-;-
40987;40990;HÔTEL;1 étoile;-;-;HÔTEL PREMIÈRE CLASSE;RUE CHANZY;59260;LEZENNES;320472236;lille.villeneuvedascq@premiereclasse.fr;http://premiereclasse.com;-;191;70;-;-;-
42509;42509;CAMPING;4 étoiles;Loisirs;-;CAMPING MA CAMPAGNE;71 route d'Uxem;59254;GHYVELDE;328265554;lelieur.lagarenne@wanadoo.fr;http://residence-macampagne.fr/;-;-;-;134;-;-
42303;42303;CAMPING;3 étoiles;Loisirs;-;CAMPING LA PLAINE;74 rue de la Frontière;59254;GHYVELDE;607949566;campinglaplaine@gmail.com;http://www.camping-la-plaine.fr;-;-;-;125;-;-
41577;41577;CAMPING;3 étoiles;Loisirs;-;CAMPING DE LA FORGE;148 Route de Zuydcoote;59254;GHYVELDE;328268180;campingdelaforge59@orange.fr;-;-;-;-;29;-;-
41505;41505;CAMPING;4 étoiles;Loisirs;-;CAMPING FERME DE LA HOOGHE MOOTE;188 ROUTE D'UXEM;59254;GHYVELDE;328260232;hooghe.moote@wanadoo.fr;http://www.hooghemoote.com;-;-;-;134;-;-
41505;41505;CAMPING;4 étoiles;Loisirs;-;LES SOURCES DE LA HOOGHE MOOTE;188 route d'uxem;59254;GHYVELDE;328260232;hooghe.moote@wanadoo.fr;http://www.hooghemoote.com;-;-;-;88;-;-
41198;41198;PARC RÉSIDENTIEL DE LOISIRS;1 étoile;-;-;PRL LES PALMIERS;route de Zuydcoote;59254;GHYVELDE;328266560;camping-les-palmiers@wanadoo.fr;http://campinglespalmiers.fr;-;-;-;142;-;-
41102;41102;CAMPING;3 étoiles;Loisirs;-;CAMPING DU MEUL-HOUCK;149 rue du Meul-Houck;59254;GHYVELDE;328266212;campingdumeulhouck@orange.fr;http://www.camping-dumeulhouck.com;-;-;-;119;-;-
41099;41099;CAMPING;4 étoiles;Loisirs;-;CAMPING DES PINS;89 rue des écoles;59254;GHYVELDE;328266474;contact@aucampingdespins.fr;http://www.aucampingdespins.fr;-;-;-;152;-;-
40836;40836;CAMPING;4 étoiles;Loisirs;-;CARAVANING DU LAC;15 rue du Meul'houck;59254;GHYVELDE;328266931;info@caravaningdulac.fr;https://www.caravaningdulac.fr;-;-;-;83;-;-
41263;41263;HÔTEL;2 étoiles;-;-;LE SAINT SÉBASTIEN;17 place de l'abbé Bonpain;59250;HALLUIN;320942168;le-saint.sebastien@wanadoo.fr;www.ausaintsebastien.fr;-;22;11;-;-;-
40987;40997;HÔTEL;2 étoiles;-;-;LYS HÔTEL;130 rue de Lille;59250;HALLUIN;320468092;contact@lys-hotel-halluin.com;http://www.lys-hotel-halluin.com;-;54;27;-;-;-
42109;42109;CAMPING;3 étoiles;Loisirs;-;CAMPING LE CAMP DES ROSES;60 RUE BASSE;59249;AUBERS;608101724;contact@campdesroses.com;www.campdesroses.com;-;-;-;125;-;-
41479;41479;CAMPING;1 étoile;Loisirs;-;CAMPING LA MARLIÈRE;lieu-dit La Marlière;59247;FÉCHAIN;327799808;j-mdelabre@wanadoo.fr;-;-;-;-;122;-;-
41201;41201;HÔTEL;2 étoiles;-;-;HÔTEL DE LA PLAGE;19 avenue du casino;59240;DUNKERQUE;328635512;contact@hoteldunkerque.fr;http://www.hoteldunkerque.fr;-;23;10;-;-;-
41278;41278;HÔTEL;1 étoile;-;-;HÔTEL RESTAURANT DU CENTRE;52 Place du Maréchal GALIENI;59238;MARETZ;327857213;francoise.delille@orange.fr;-;-;22;12;-;-;-
41947;41947;HÔTEL;4 étoiles;-;-;HÔTEL DU PASINO;ROCADE du NORD;59230;SAINT-AMAND-LES-EAUX;327482020;hotel-saintamand@partouche.com;http://www.casinosaintamand.com;-;196;62;-;-;-
41051;41361;CAMPING;4 étoiles;Tourisme;-;CAMPING LE MONT DES BRUYÈRES;806 rue émile basly;59230;SAINT-AMAND-LES-EAUX;327485687;lemontdesbruyeres@orange.fr;http://www.campingmontdesbruyeres.com;-;-;-;97;-;-
41050;41050;HÔTEL;3 étoiles;-;-;AKENA CITY SAINT-AMAND LES EAUX;Mont des BRUYERES;59230;SAINT-AMAND LES EAUX;327404401;jean-pierre.regent@scapartois.fr;http://www.hotel-akena-saint-amand-eaux.federal-hotel.com;-;124;59;-;-;-
41019;41019;HÔTEL;2 étoiles;-;-;LE FORESTIER;1648 A route fontaine bouillon;59230;SAINT AMAND LES EAUX;327216000;le.forestier@wanadoo.fr;http://forestierrestaurant.com;-;16;8;-;-;-
41128;41128;HÔTEL;4 étoiles;-;-;LA MEUNERIE;174  rue des pierres;59229;TÉTEGHEM;328261430;contact@lameunerie.fr;http://www.lameunerie.fr;-;18;9;-;-;-
41110;41110;CAMPING;3 étoiles;Loisirs;-;CAMPING DU PONT À COCHONS;113 rue des pierres;59229;TÉTEGHEM;328260304;camping.brasseriedupontacochon@orange.fr;http://camping-pontacochon.fr;-;-;-;75;-;-
41110;41110;CAMPING;2 étoiles;Loisirs;-;CAMPING DU HAMEAU DES NEIGES;262 route des neiges;59229;TETEGHEM;328685045;joel.luchier@orange.fr;http://www.campings-nord.com/location-vacances-camping-1-etoiles-TETEGHEM,38.html;-;-;-;99;-;-
41116;41116;CAMPING;2 étoiles;Loisirs;-;CAMPING LE PETIT CLOS;127 Chemin Tintin;59226;RUMEGIES;327267403;campinglepetitclos@orange.fr;http://camping-le-petit-clos.fr;-;-;-;49;-;-
41113;41113;HÔTEL;1 étoile;-;-;HÔTEL PREMIÈRE CLASSE LILLE NORD RONCQ;21 AVENUE DE L'EUROPE;59223;RONCQ;320034551;lille.roncq@premiereclasse.fr;www.premiereclasse.fr;-;179;71;-;-;-
41050;41507;HÔTEL;3 étoiles;-;-;HÔTEL CAMPANILE LILLE NORD RONCQ;3 avenue de l'europe;59223;RONCQ;320034623;lille.roncq@campanile.fr;http://campanile.com;-;90;48;-;-;-
40920;40920;HÔTEL;1 étoile;-;-;HOTEL F1 LILLE - TOURCOING NORD;416 rue de Lille;59223;RONCQ;891705371;H2464-RE@accor.com;http://www.accorhotels.com/fr/hotel-2464-formule-1-hotelf1-lille-tourcoing-nord/index.shtml;-;211;73;-;-;-
41050;41051;HÔTEL;3 étoiles;-;-;CAMPANILE VALENCIENNES ROUVIGNIES;zone activités aérodrome Z2, rue DACQUIN ;59220;ROUVIGNIES;327211012;manager.valenciennes.rouvignies@campanile.fr;http://www.campanile-valenciennes-sud-rouvignies.fr;-;234;105;-;-;-
40914;40914;HÔTEL;4 étoiles;-;-;NOVOTEL VALENCIENNES AERODROME;RUE DE MAUGRE;59220;ROUVIGNIES;327211212;marie-anne.jourdan@accor.com;http://novotel.com;-;240;80;-;-;-
42523;42523;HÔTEL;3 étoiles;-;-;COMFORT HÔTEL LILLE ROUBAIX;320 boulevard Gambetta;59200;TOURCOING;320703800;contact@comfortlilleroubaix.com;http://www.comfortlillelunion.com/;-;80;40;-;-;-
41624;41624;HÔTEL;1 étoile;-;-;HÔTEL PREMIÈRE CLASSE LILLE NORD TOURCOING;401 BOULEVARD GAMBETTA;59200;TOURCOING;320704716;lille.tourcoing@premiereclasse.fr;http://www.premiereclasse.com/;-;207;83;-;-;-
41547;41547;HÔTEL;2 étoiles;-;-;HÔTEL B&B LILLE TOURCOING CENTRE;83 RUE DE TOURNAI;59200;TOURCOING;892702235;bb_4523@hotelbb.com;http://www.hotel-bb.com/;-;181;86;-;-;-
40917;40917;HÔTEL;3 étoiles;-;-;HOTEL IBIS LILLE TOURCOING CENTRE;1 RUE D'HAVRE - CENTRE DU GENERAL DE GAULLE;59200;TOURCOING;320248458;thierry.bezelga@accor.com;http://www.ibishotel.com/fr/home/index.shtml;-;358;102;-;-;-
41737;41737;HÔTEL;3 étoiles;-;-;AUBERGE DE LA FORÊT;Rue de la Motte au Bois;59190;MORBECQUE;328480878;auberge-delaforet@wanadoo.fr;http://www.aubergedelaforet59.fr/;-;30;13;-;-;-
41487;41487;CAMPING;1 étoile;Loisirs;-;CAMPING DE LA RABAUDE;190 RUE DU BERGER;59190;STAPLE;328400328;larabaude@orange.fr;-;-;-;-;50;-;-
41241;41241;HÔTEL;3 étoiles;-;-;HÔTEL FLEUR DE LYS;avenue de saint omer - contournement routier;59190;HAZEBROUCK;328422828;hazebrouck@fleurdelyshotel.fr;http://www.fleurdelyshotel.fr;-;40;20;-;-;-
41113;41113;CAMPING;2 étoiles;Loisirs;-;CAMPING LE PARADISO;1978 rue du bois;59189;STEENBECQUE;328421508;campingparadiso@hotmail.fr;-;-;-;-;65;-;-
42653;42653;HÔTEL;3 étoiles;-;-;HÔTEL KYRIAD DOUAI DECHY;ZAC DU LUC ;59187;DECHY;359435100;douai.dechy@kyriad.fr;www.kyriad.fr;-;122;61;-;-;-
41500;41500;CAMPING;2 étoiles;Loisirs;-;CAMPING DE LA BECQUERELLE;1396 rue du Becquerel;59173;LYNDE;03.28.43.20.37;campingbecquerelle@free.fr;http://www.campingbecquerelle.fr/;-;-;-;60;-;-
41249;41249;CAMPING;3 étoiles;Loisirs;-;CAMPING LE BLOEMSTRAETE;1 rue Bloemstraete;59173;RENESCURE;328498565;lebloemstraete@gmail.com;http://www.lebloemstraete.fr;-;-;-;30;-;-
41051;41051;CAMPING;2 étoiles;Loisirs;-;CAMPING LA PAPELUTTE;sarl l'incontournable 563 rue de saint omer;59173;BLARINGHEM;328432045;lapapelutte@orange.fr;http://www.lapapelutte.fr;-;-;-;38;-;-
42460;42460;HÔTEL;3 étoiles;-;-;HÔTEL IBIS LILLE LOMME CENTRE;576 AVENUE DE DUNKERQUE;59160;LOMME;320930405;h7238@accor.com;http://www.accorhotels.com/fr/hotel-7238-ibis-lille-lomme-centre/index.shtml;-;141;65;-;-;-
41113;41113;HÔTEL;3 étoiles;-;-;KYRIAD LOMME;110 RUE DU GRAND BUT;59160;LOMME;320082054;kyriad.lomme.dir@shfrance.com;http://www.kyriad.fr;-;134;56;-;-;-
40917;40935;HÔTEL;3 étoiles;-;-;HOTEL CAMPANILE;20 RUE DU CHATEAU D'ISENGHIEN;59160;LOMME;320008282;manager.lille.lomme@campanile.fr;http://campanile.com;-;100;49;-;-;-
41099;41099;CAMPING;3 étoiles;Loisirs;-;CAMPING DOMAINE DES POTERIES;RUE DES POTERIES;59158;FLINES-LÈS-MORTAGNE;327268526;info@campingdespoteries.fr;http://www.campingdespoteries.fr;-;-;-;100;-;-
41022;41022;HÔTEL;3 étoiles;-;-;AUBERGE DU BORD DES EAUX;23 rue du commandant Chaumonot;59158;MORTAGNE-DU-NORD;327237645;auberge@aubordeseaux.com;http://www.aubordeseaux.com;-;39;12;-;-;-
41166;41166;CAMPING;3 étoiles;Tourisme;-;CAMPING DE LA PLAGE;118 rue du maréchal Foch;59153;GRAND-FORT-PHILIPPE;328653195;tessierjp@nordnet.fr;http://www.camping-de-la-plage.info;-;-;-;82;-;-
41479;41479;CAMPING;1 étoile;Loisirs;-;PARC DE PLEIN AIR DE LA VALLÉE DE LA SENSÉE;rue du camping;59151;BRUNEMONT;327809128;parcdelasensee@wanadoo.fr;-;-;-;-;320;-;-
41201;41201;CAMPING;3 étoiles;Loisirs;-;CAMPING MUNICIPAL D'ARLEUX;chemin des Biselles;59151;ARLEUX;327943737;mairie@arleux.com;http://www.arleux.fr;-;-;-;185;-;-
41162;41162;CAMPING;3 étoiles;Loisirs;-;CAMPING LES SORBIERS;15 rue de Fressain;59151;BUGNICOURT;327896441;camping-les-sorbiers@orange.fr;www.campinglessorbiers.com;-;-;-;35;-;-
42460;42460;HÔTEL;3 étoiles;-;-;HÔTEL LE VIENNOIS;42 ROUTE NATIONALE;59149;COUSOLRE;327632173;leviennois@orange.fr;-;-;16;8;-;-;-
41110;41110;CAMPING;3 étoiles;Loisirs;-;CAMPING LE FROMENTEL;1558 ROUTE DE BAVAY;59144;GOMMEGNIES;327498658;roselyne.van-meerhaeghe@orange.fr;www.campinglefromentel.com;-;-;-;48;-;-
41352;41352;CAMPING;2 étoiles;Loisirs;-;CAMPING LE VAL JOLY;1 RUE DE L'AA;59143;WATTEN;674012400;cblary@kpmg.fr;-;-;-;-;109;-;-
41180;41180;CAMPING;2 étoiles;Loisirs;-;CAMPING LA CABARETTE;1923 rue Principale;59143;WULVERDINGHE;328624823;campinglacabarette@orange.fr;-;-;-;-;50;-;-
42391;42391;HÔTEL;4 étoiles;-;-;HÔTEL BOREL;6 rue l'Hermitte;59140;DUNKERQUE;328665180;gm@hotelborel.fr;http://www.hotelborel.fr;-;86;48;-;-;-
42339;42339;HÔTEL;1 étoile;-;-;HÔTEL LE TRANSAT BLEU;3 rue de la Digue;59140;DUNKERQUE;328635005;letransatbleu@nordnet.fr;http://www.letransatbleu.fr;-;26;12;-;-;-
41547;41547;HÔTEL;2 étoiles;-;-;HÔTEL B&B DUNKERQUE CENTRE GARE;15 RUE DE BELLE VUE;59140;DUNKERQUE;892702260;bb_4530@hotelbb.com;http://www.hotel-bb.com/;-;178;87;-;-;-
41225;41225;HÔTEL;2 étoiles;-;-;HÔTEL RESTAURANT ÉOLE ;77 digue de mer;59140;DUNKERQUE;328691364;eole@hoteleole.fr;http://hoteleole.fr/;-;48;20;-;-;-
41191;41191;HÔTEL;3 étoiles;-;-;HÔTEL RESTAURANT LE WELCOME;37 rue Raymond Poincaré ;59140;DUNKERQUE;03.28.59.20.70;contact@hotel-welcome.fr;http://www.hotel-welcome.fr/;-;82;41;-;-;-
41141;41141;HÔTEL;3 étoiles;-;-; IBIS DUNKERQUE CENTRE;13 rue du Leughenaer;59140;DUNKERQUE;328662907;h6546@accor.com;ibishotel.com;-;170;120;-;-;-
41109;41109;CAMPING;3 étoiles;Tourisme;-;CAMPING MUNICIPAL DE LA LICORNE;1005 boulevard de l'Europe;59140;DUNKERQUE;328692668;contact@campingdelalicorne.com;http://campingdelalicorne.com;-;-;-;400;-;-
41060;41089;HÔTEL;2 étoiles;-;-;HÔTEL L'HIRONDELLE;46 avenue faidherbe;59140;DUNKERQUE;328631765;info@hotelhirondelle.com;http://www.hotelhirondelle.com;-;250;50;-;-;-
40914;40934;HÔTEL;2 étoiles;-;-;GENS DE MER;Quai du Risban;59140;DUNKERQUE;328661522;agismdunkerque@wanadoo.fr;http://www.lesgensdemer.fr;-;161;81;-;-;-
40876;40934;RÉSIDENCE DE TOURISME;3 étoiles;-;-;ALL SUITES APPARTHOTEL;AVENUE DE L'UNIVERSITE;59140;DUNKERQUE;684655780;jean-michel.bourdet@allsuitesapparthotel.com;http://www.allsuites-apparthotel.com;-;252;-;-;126;-
41722;41722;HÔTEL;3 étoiles;-;-;HÔTEL DU CENTRE;6 Rue Faidherbe;59139;WATTIGNIES;03 20 52 07 71;hotelducentrewatt@yahoo.fr;http://www.hotelcentrewatt.fr/;-;25;10;-;-;-
42564;42564;RÉSIDENCE DE TOURISME;3 étoiles;-;-;RÉSIDENCE DE TOURISME LES HAUTS DE VAL JOLY;Rue de Nostrimont parc départemental de val joly;59132;EPPE-SAUVAGE;327611123;valjoly@eurogroup-vacances.com;http://www.madamevacances.com;-;957;-;-;180;-
41102;41102;CAMPING;3 étoiles;Tourisme;-;CAMPING DU VALJOLY;Maison du ValJoly;59132;EPPE-SAUVAGE;327618376;rgoldin@nordnet.fr;http://www.valjoly.com;-;-;-;190;-;-
40890;40890;HÔTEL;1 étoile;-;-;HÔTEL F1;Centre Commercial Carrefour;59128;FLERS EN ESCREBIEUX;891705236;H2253-RE@accor.com;http://hotelF1.com;-;224;80;-;-;-
41249;41249;CAMPING;3 étoiles;Loisirs;-;CAMPING DE L'ESTRAN;rue des dunes prolongée;59123;ZUYDCOOTE;328265644;campingdelestran@wanadoo.fr;www.campingdelestran.com;-;-;-;157;-;-
41249;41249;CAMPING;3 étoiles;Loisirs;-;CAMPING DES DUNES;rue de roubaix;59123;ZUYDCOOTE;328299458;camping.des.dunes@orange.fr;www.campingdesdunes.com;-;-;-;239;-;-
41191;41191;CAMPING;4 étoiles;Loisirs;-;CAMPING MUNICIPAL LES DUNES;222 rue de l'église;59123;BRAY-DUNES;328266154;camping-bd@wanadoo.fr;-;-;-;-;590;-;-
41162;41162;CAMPING;1 étoile;Loisirs;-;CAMPING LES TILLEULS;47 rue Pierre Decock;59123;BRAY-DUNES;328299027;campingdestilleuls@orange.fr;http://www.tourisme-nordpasdecalais.fr/campings/camping-les-tilleuls1.html;-;-;-;56;-;-
41110;41110;CAMPING;4 étoiles;Loisirs;-;CAMPING LE PERROQUET;rue des dunes;59123;BRAY-DUNES;328583737;contact@campingleperroquet.com;http://www.campingleperroquet.com;-;-;-;856;-;-
41505;41505;CAMPING;3 étoiles;Loisirs;-;CAMPING POLDER ET VACANCES;14 rue saint antoine;59122;LES MOËRES;616996125;polder.vacances@wanadoo.fr;http://www.polder-vacances.com;-;-;-;24;-;-
41493;41493;CAMPING;3 étoiles;Loisirs;-;CAMPING LE CAP VERT;11 rue du NORD;59122;LES MOËRES;328634930;jf.maes@flandira-loisirs.com;http://www.camping-capvert.com/;-;-;-;44;-;-
41191;41191;CAMPING;2 étoiles;Loisirs;-;AU BON COIN;201 CHEMIN DU MOULIN;59122;HONDSCHOOTE;328683189;campingduboncoin@orange.fr;-;-;-;-;65;-;-
41190;41190;CAMPING;2 étoiles;Loisirs;-;CAMPING LE BEVERHOUCK;1050 DAGHES STRAETE;59122;HONDSCHOOTE;328683398;bfq59@aol.com;-;-;-;-;40;-;-
41099;41099;CAMPING;4 étoiles;Loisirs;-;CAMPING LE PRÉJOLY;CHEMIN DU HALAGE;59122;HONDSCHOOTE;3367630712;info@campingleprejoly.fr;http://www.campingleprejoly.fr;-;-;-;95;-;-
40914;40914;CAMPING;4 étoiles;Loisirs;-;SARL LA GARENNE;5 chemin des limites ;59122;LES MOËRES;328268649;lelieur.lagarenne@wanadoo.fr;http://camping-ghyvelde.com;-;-;-;117;-;-
41919;41919;CAMPING;1 étoile;Loisirs;-;CAMPING DU PONT CHARLET;35 ruelle de la blanche;59116;HOUPLINES;967171062;sci-du-pont-charlet@orange.fr;http://www.camping-du-pont-charlet.com/;-;-;-;40;-;-
41110;41110;CAMPING;2 étoiles;Loisirs;-;CAMPING  LES  ALOUETTES;140 rue brune;59116;HOUPLINES;320356942;campimage@wanadoo.fr;www.camping-lesalouettes.com;-;-;-;81;-;-
41110;41110;CAMPING;3 étoiles;Loisirs;-;CAMPING DE L'IMAGE;140 rue brune;59116;HOUPLINES;320356942;campimage@wanadoo.fr;http://www.campingimage.com/;-;-;-;102;-;-
41115;41115;CAMPING;3 étoiles;Loisirs;-;CAMPING LE ROMANTIC;Hameau de Ryveld, 51 rue des frères Patteyn;59114;STEENVOORDE;633210316;georges.bafcop@orange.fr;http://www.leromantic.fr/;-;-;-;60;-;-
41687;41687;HÔTEL;2 étoiles;-;-;HÔTEL B&B LILLE SECLIN;Rue de l'Hôtellerie;59113;SECLIN;892788054;bb_4262@hotelbb.com;www.hotelbb.com;-;192;80;-;-;-
41428;41428;HÔTEL;1 étoile;-;-;HÔTEL PREMIÈRE CLASSE LILLE SUD - SECLIN;zac de l'épinette;59113;SECLIN;320967214;manager.lille.seclin@premiereclasse.fr;http://www.premiereclasse.com/;-;140;69;-;-;-
41053;41089;HÔTEL;3 étoiles;-;-;HÔTEL CAMPANILE;zac de l'epinette 51 rue de l'hôtellerie;59113;SECLIN;320967463;lille.seclin@campanile.fr;http://WWW.CAMPANILE.FR;-;100;49;-;-;-
40928;40990;HÔTEL;3 étoiles;-;-;AUBERGE DU FORGERON;17 RUE ROGER BOUVRY;59113;SECLIN;320900952;contact@aubergeduforgeron.com;http://www.aubergeduforgeron.com;-;33;16;-;-;-
41199;41199;CAMPING;2 étoiles;Loisirs;-;CAMPING LE FLEURY;11 rue de bouchain;59111;WAVRECHAIN-SOUS-FAULX;327357116;camping.fleury@live.fr;www.aventurier.fr/fr/france/nord/59_dec_lefleury/index.shtml;-;-;-;220;-;-
42159;42159;HÔTEL;3 étoiles;-;-;HÔTEL CAMPANILE LILLE EURALILLE;23 Allée Vauban;59110;LA MADELEINE;362145281;lille.euralille@campanile.fr;http://www.campanile-lille-euralille.fr/fr;-;216;108;-;-;-
41138;41138;RÉSIDENCE DE TOURISME;2 étoiles;-;-;APPART'CITY LILLE EURALILLE ;30 les Jardins de l'Europe, Place Vauban;59110;LA MADELEINE;320060470;lille@appartcity.com;www.appartcity.com;-;314;-;-;134;-
40962;40962;HÔTEL;3 étoiles;-;-;ART DÉCO ROMARIN;110 Avenue DE LA RéPUBLIQUE;59110;LA MADELEINE;320148181;direction@hotel-artdecolille.com;http://www.hotel-artdecolille.com;-;112;56;-;-;-
42444;42444;HÔTEL;2 étoiles;-;-;HÔTEL B&B LILLE ROUBAIX CENTRE GARE;22 Place de la Gare;59100;ROUBAIX;08 90 64 98 92;bb_4581@hotelbb.com;http://www.hotel-bb.com/;-;180;85;-;-;-
41375;41375;HÔTEL;4 étoiles;-;-;MERCURE LILLE ROUBAIX GRAND HÔTEL;22 AVENUE JEAN LEBAS;59100;ROUBAIX;328521398;h7951-gm@accor.com;http://www.mercure.com;-;577;88;-;-;-
41018;41019;HÔTEL;3 étoiles;-;-;CAMPANILE LILLE NORD ROUBAIX;36 RUE DE LA COMMUNAUTE URBAINE ;59100;ROUBAIX;320701920;manager.lille.roubaix@campanile.fr;http://www.campanile-lille-nord-roubaix.fr/fr/index.aspx;-;100;50;-;-;-
40921;40935;HÔTEL;3 étoiles;-;-;IBIS LILLE ROUBAIX CENTRE;37 BOULEVARD DU GENERAL LECLERC;59100;ROUBAIX;320450000;H1017-GM@accor.com;http://www.ibishotel.com;-;373;94;-;-;-
41102;41102;HÔTEL;4 étoiles;-;-;HÔTEL ALLIANCE COUVENT DES MINIMES;17 QUAI DU WAULT B.P 133;59027;LILLE;320306262;remy.fenart@alliance-couventdesminimes.com;http://www.alliance-lille.com;-;614;83;-;-;-
42508;42508;HÔTEL;5 étoiles;-;-;HÔTEL BARRIÈRE LILLE;777 BIS PONT DE FLANDRES;59000;LILLE;328144500;hotelbarrierelille@lucienbarriere.com;http://www.hotelsbarriere.com/fr/lille/hotel-barriere.html;-;315;142;-;-;-
42472;42472;HÔTEL;3 étoiles;-;-;HÔTEL IBIS STYLES LILLE CENTRE GARE BEFFROI;172 RUE DE PARIS;59000;LILLE;320300054;h1384@accor.com;http://www.ibis.com/fr/hotel-1384-ibis-styles-lille-centre-gare-beffroi/index.shtml;-;280;140;-;-;-
42396;42396;HÔTEL;3 étoiles;-;-;HÔTEL HOLIDAY INN EXPRESS LILLE CENTRE;75 bis rue Léon Gambetta;59000;LILLE;320429090;reservation@holidayinn-lille.com;http://www.holidayinn-lille.com;-;201;103;-;-;-
42151;42151;HÔTEL;5 étoiles;-;-;HÔTEL CLARANCE;32 rue de la barre;59000;LILLE;359363559;clarance@clarancehotel.com;http://www.clarancehotel.com/;-;38;19;-;-;-
41970;41970;HÔTEL;5 étoiles;-;-;L'HERMITAGE GANTOIS;224 rue de paris;59000;LILLE;320853030;reservation@gantoislille.com;www.hotelhermitagegantois.com;-;144;72;-;-;-
41813;41813;HÔTEL;3 étoiles;-;-;HÔTEL DE LA PAIX;46 bis rue de Paris;59000;LILLE;3020546393;hotelpaixlille@aol.com;www.hotel-la-paix.com;-;66;36;-;-;-
41547;41547;HÔTEL;2 étoiles;-;-;HÔTEL B&B LILLE CENTRE GRAND PALAIS;Rue Berthe Morisot;59000;LILLE;892702206;bb_4514@hotelbb.com;http://www.hotel-bb.com/;-;285;127;-;-;-
41540;41540;HÔTEL;4 étoiles;-;-;BEST WESTERN PREMIER WHY HOTEL ;7 Bis Square Morisson ;59000;LILLE;320503030;reservation@why-hotel.com;www.why-hotel.com;-;112;46;-;-;-
41289;41289;HÔTEL;3 étoiles;-;-;HÔTEL BRUEGHEL;5 PARVIS SAINT MAURICE;59000;LILLE;320060669;hotel.brueghel@nordnet.fr;http://www.hotel-brueghel-lille.com;-;125;63;-;-;-
41236;41236;HÔTEL;3 étoiles;-;-;HÔTEL KANAÏ;10 rue de béthune;59000;LILLE;320571478;reception@hotelkanai.com;www.hotelkanai.com;-;60;31;-;-;-
41227;41227;HÔTEL;2 étoiles;-;-;HÔTEL SAINT-MAURICE;8 PARVIS SAINT-MAURICE;59000;LILLE ;320062740;reservation@hotelsaintmaurice.com;http://www.hotelsaintmaurice.com;-;84;38;-;-;-
41162;41162;HÔTEL;2 étoiles;-;-;BEST HOTEL NOROTEL;66 rue littré;59000;LILLE;320540002;lille@besthotel.fr;http://www.besthotel.fr/Lille/;-;97;54;-;-;-
41128;41128;HÔTEL;3 étoiles;-;-;HÔTEL DE  LA TREILLE;7 Place Louise de Bettignies;59000;LILLE;03-20-55-45-46;contact@hoteldelatreille.com;www.hoteldelatreille.com;-;60;42;-;-;-
41128;41128;HÔTEL;2 étoiles;-;-;HÔTEL CONTINENTAL;11 PLACE DE LA GARE;59000;LILLE;320062224;hcontinent@wanadoo.fr;www.hotel-continental.fr;-;80;35;-;-;-
41124;41124;HÔTEL;1 étoile;-;-;HÔTEL FAIDHERBE;42 place de la gare;59000;LILLE;320062793;hotelfaidherbe@orange.fr;www.hotel-faidherbe-lille.fr ;-;84;40;-;-;-
41113;41113;HÔTEL;4 étoiles;-;-;HÔTEL UP;17 PLACE DES REIGNAUX;59000;LILLE;320060693;reception@hotelup.fr;www.hotelup.fr;-;122;27;-;-;-
41102;41102;HÔTEL;2 étoiles;-;-;HÔTEL DE LONDRES;16 place de la gare;59000;LILLE;320120910;hoteldelondres@yahoo.fr;www.hoteldelondres.fr;-;20;20;-;-;-
41101;41101;HÔTEL;2 étoiles;-;-;HÔTEL FLANDRE ANGLETERRE;13 Place de la gare;59000;LILLE;320060412;mosude@hotmail.com;http://www.hotel-flandre-angleterre.fr;-;88;44;-;-;-
41050;41050;HÔTEL;2 étoiles;-;-;LE NAPOLÉON;17 place de la gare;59000;LILLE;320421969;martine.lepetz@wanadoo.fr;http://hotel-napoleon-lille.com;-;38;19;-;-;-
41024;41050;HÔTEL;3 étoiles;-;-;HOTEL BEST WESTERN ET SPA GRAND PALAIS;48 BIS RUE DE VALENCIENNES;59000;LILLE;320883966;bestwesterngrandpalais@orange.fr;http://www.best-western-hotel-grand-palais.fr;-;76;40;-;-;-
40990;41479;HÔTEL;1 étoile;-;-;PREMIERE CLASSE LILLE CENTRE;19 PLACE DES REIGNAUX;59000;LILLE;328365110;premiereclasselille@wanadoo.fr;http://www.premiereclasse.com/;-;100;52;-;-;-
40990;41003;HÔTEL;3 étoiles;-;-;HÔTEL KYRIAD LILLE CENTRE GARES;21 place des Reignaux;59000;LILLE;328365118;kyriadlillecentre@wanadoo.fr;-;-;52;33;-;-;-
40962;40962;HÔTEL;3 étoiles;-;-;HÔTEL IBIS OPÉRA;21 rue Lepelletier;59000;LILLE;320062195;h0902@accor.com;-;-;135;59;-;-;-
40920;40920;HÔTEL;3 étoiles;-;-;HOTEL IBIS LILLE CENTRE GARES;29 avenue Charles Saint Venant;59000;LILLE;328363040;h0901-gm@accor.com;http://www.ibishotel.com;-;385;154;-;-;-
40914;40914;HÔTEL;4 étoiles;-;-;SUITE NOVOTEL LILLE EUROPE;Boulevard de Turin;59000;LILLE;320747070;vincent.gasnier@accor.com;http://www.suitenovotel.com;-;439;126;-;-;-
40914;40914;HÔTEL;2 étoiles;-;-;IBIS BUDGET;10 RUE DE COURTRAI;59000;LILLE;892683078;h5208-re@accor.com;http://ibisbudgethotel.ibis.com;-;277;93;-;-;-
40885;40885;HÔTEL;4 étoiles;-;-;NOVOTEL LILLE CENTRE GARES;49 rue de Tournai;59000;LILLE;328386700;h3165@accor.com;http://novotel.com;-;400;96;-;-;-
40876;40878;HÔTEL;4 étoiles;-;-;MERCURE LILLE CENTRE OPERA;2 BOULEVARD CARNOT;59000;LILLE;320147147;h0802-gm@accor.com;http://www.mercure-lille-centre-grand-place.com;-;240;101;-;-;-
40872;40872;HÔTEL;4 étoiles;-;-;NOVOTEL LILLE CENTRE GRAND PLACE;116 RUE DE L'HOPITAL MILITAIRE;59000;LILLE;328385353;H0918-GM@accor.com;http://novotel.com;-;477;104;-;-;-
40836;40836;RÉSIDENCE DE TOURISME;3 étoiles;-;-;APPART'CITY LILLE GRAND PALAIS;19 rue Berthe Morisot;59000;LILLE;328168200;lille-grandpalais@appartcity.com;http://appartcity.com;-;345;-;-;134;-
