"NOM,C,29","ENF_HEBER,C,2","ACT_EDUC,C,1","CHRS,C,2","ACC_ASILE,C,1","AUTRES_SOC,C,2","TRAV_PROT,C,2","HEB_PROV,C,1","ETA_PSY,C,2","URGENCES,C,1","MATERNITE,C,1","Asso_singa,N,10,0","Volo_singa,N,10,0"
Équeurdreville-Hainneville,1,0,0,0,2,0,0,0,0,0,0,1
Mandelieu-la-Napoule,0,0,0,0,1,0,0,0,0,0,0,0
12e Arrondissement,1,1,4,1,23,3,0,5,3,3,2,30
13e Arrondissement,8,1,7,0,33,10,0,18,1,2,4,25
2e Arrondissement,1,0,0,0,6,0,0,0,0,0,0,8
Lyon 6e Arrondissement,3,1,1,0,8,0,0,2,0,0,0,0
Lyon 5e Arrondissement,4,0,3,0,2,0,1,3,0,0,0,2
6e Arrondissement,1,0,0,0,5,1,0,0,0,0,0,9
18e Arrondissement,3,0,3,1,33,3,1,7,1,1,2,27
19e Arrondissement,7,2,7,0,26,6,0,3,2,1,4,31
Lyon 2e Arrondissement,1,2,3,0,5,0,0,1,0,0,7,12
Vélizy-Villacoublay,0,0,0,0,2,1,0,0,0,0,0,2
Montpellier,7,5,10,1,22,5,0,12,5,1,5,47
Tourlaville,0,0,0,0,1,2,0,0,0,0,0,2
15e Arrondissement,4,2,3,0,31,2,0,10,2,2,1,30
Lyon 1er Arrondissement,1,0,2,0,2,0,0,0,0,0,1,8
Cherbourg-Octeville,5,2,2,1,4,0,0,2,1,1,0,4
16e Arrondissement,2,0,0,0,1,1,0,5,0,1,0,12
14e Arrondissement,6,0,3,0,19,3,0,9,2,3,0,22
20e Arrondissement,7,2,8,1,24,1,0,4,2,1,2,32
Saint-Estève,0,0,0,0,0,0,0,0,0,0,0,0
Saint-Cyr-l'École,0,0,0,0,1,0,0,0,0,0,0,0
Lyon 8e Arrondissement,1,1,4,0,11,3,0,7,1,1,0,8
Lyon 4e Arrondissement,1,2,2,0,2,0,0,0,1,1,0,9
Perpignan,3,3,6,1,11,1,0,11,3,3,2,14
1er Arrondissement,0,3,0,0,4,1,0,1,0,0,0,7
La Baule-Escoublac,0,0,0,0,1,0,0,0,0,0,0,6
5e Arrondissement,0,0,0,0,5,2,0,3,0,0,0,14
7e Arrondissement,1,0,1,0,2,0,0,2,0,0,0,5
10e Arrondissement,5,1,4,0,25,0,0,4,2,1,1,168
11e Arrondissement,1,3,6,0,28,5,0,8,0,0,3,31
4e Arrondissement,0,0,2,0,2,0,0,5,1,0,18,19
Lyon 7e Arrondissement,0,2,6,0,17,1,0,1,1,1,2,10
Canet-en-Roussillon,0,0,0,0,0,2,0,0,0,0,0,3
3e Arrondissement,0,1,2,0,2,0,0,1,0,0,0,7
Pornichet,0,0,0,0,0,0,0,0,0,0,0,0
Oyonnax,0,1,1,0,4,2,0,0,1,1,0,0
Bois-d'Arcy,1,0,0,0,1,1,0,1,0,0,0,0
Le Plessis-Robinson,3,0,0,0,1,2,0,0,0,0,0,2
Igny,0,0,0,0,0,0,0,0,0,0,0,0
La Seyne-sur-Mer,0,0,1,0,2,1,0,1,1,0,0,2
Grigny,0,1,0,0,1,0,0,0,0,0,0,0
Castelnau-le-Lez,0,0,1,0,3,3,0,0,1,0,0,0
Sceaux,0,1,0,0,1,0,0,1,0,0,0,2
Massy,1,3,0,1,5,0,1,0,1,1,2,3
Clamart,3,0,0,0,6,0,0,3,2,1,0,2
Versailles,6,4,5,0,11,0,0,3,1,1,2,13
Guidel,0,0,0,0,0,2,0,0,0,0,0,1
Ploemeur,1,0,0,0,1,1,0,0,0,0,0,2
Lattes,0,0,0,0,0,2,0,1,0,0,0,5
Les Clayes-sous-Bois,0,0,0,0,0,1,0,0,0,0,0,0
Les Ponts-de-Cé,0,1,0,0,0,1,0,1,0,0,0,5
Chaville,0,0,0,0,1,0,0,0,0,0,0,1
Le Chesnay,1,0,0,0,1,0,0,1,2,2,0,2
Trélazé,0,1,0,0,1,1,0,1,0,0,0,0
Meudon,0,0,0,0,6,2,0,1,1,1,0,2
Épinay-sur-Orge,0,1,0,0,4,0,0,1,0,0,0,0
Bagneux,0,2,0,0,4,3,0,0,0,0,0,8
Sainte-Geneviève-des-Bois,1,1,1,0,3,0,0,5,0,0,0,0
Chevilly-Larue,1,0,0,0,2,0,0,1,0,0,0,0
Bourg-la-Reine,1,0,1,0,1,0,0,0,0,1,0,1
Chantepie,1,0,0,0,1,0,0,0,0,0,0,2
Guyancourt,0,0,0,0,1,0,0,0,0,0,0,6
Colomiers,0,0,0,0,2,4,0,0,0,0,0,3
Toulouse,15,7,17,4,52,4,2,25,4,5,0,75
Athis-Mons,0,0,2,0,2,1,0,0,0,1,0,2
Palaiseau,2,0,0,0,6,1,0,2,0,0,2,6
Carcassonne,3,1,2,1,7,3,1,3,2,1,0,8
Viroflay,0,0,0,0,2,0,0,0,0,0,0,1
Fontenay-le-Fleury,1,0,0,0,0,1,0,0,0,0,0,1
Ville-d'Avray,0,0,0,0,2,0,0,2,0,0,0,0
Illzach,1,0,0,0,0,1,0,0,0,0,0,2
Sèvres,2,0,0,0,3,1,0,2,1,1,0,6
Rixheim,0,0,0,0,0,1,0,0,0,0,0,0
Saint-Michel-sur-Orge,0,0,0,0,1,0,0,0,0,0,0,0
Morangis,0,0,0,0,0,0,0,0,0,0,0,0
Châtenay-Malabry,2,0,1,0,4,2,0,2,0,0,0,2
Orsay,1,0,0,0,1,0,0,1,1,1,0,4
Savigny-sur-Orge,0,1,0,1,0,0,0,2,0,0,0,0
Toulon,6,4,6,1,13,6,0,2,2,2,0,18
Reims,8,2,6,1,30,5,0,7,4,3,0,27
Tinqueux,1,0,0,0,0,1,0,0,0,0,0,0
Châtillon,1,1,1,1,1,2,0,0,0,0,0,1
Malakoff,0,1,0,0,1,0,0,4,0,0,0,10
Montrouge,0,1,0,0,3,0,0,3,0,0,0,9
Limoux,0,0,0,0,3,3,0,5,0,0,0,4
Valence,4,3,5,1,11,5,0,1,1,1,0,6
Mulhouse,8,2,6,3,29,5,1,7,4,2,0,9
Blagnac,0,0,0,0,3,2,0,0,0,0,0,2
Tournefeuille,0,0,0,0,0,0,0,0,0,0,0,1
Romans-sur-Isère,1,0,2,0,4,2,0,2,1,1,0,10
Fontenay-aux-Roses,2,0,0,0,2,0,0,2,0,0,0,0
Kingersheim,0,0,0,0,0,0,0,0,0,0,0,0
Riedisheim,1,0,0,0,1,0,0,0,0,0,0,3
Wittelsheim,0,0,0,0,0,0,0,0,0,0,0,0
Élancourt,3,0,0,0,2,0,0,1,0,0,2,3
Apt,0,0,0,0,0,0,0,2,1,1,0,3
Cernay,0,0,0,0,3,2,0,1,0,0,0,0
Laxou,5,3,1,0,1,0,0,1,0,0,0,0
Bourg-de-Péage,0,0,0,0,0,0,0,0,0,0,0,2
Maurepas,0,0,0,0,3,0,0,0,0,0,0,2
Saint-Maur-des-Fossés,2,0,1,0,4,2,0,2,0,1,0,2
Trappes,0,0,1,0,4,1,0,0,1,1,0,0
Valenciennes,6,4,4,1,12,0,0,2,2,1,0,9
Bourges,2,3,2,1,8,3,0,1,1,1,0,30
Anzin,1,0,0,0,1,1,0,0,0,0,0,0
Bruay-sur-l'Escaut,0,0,0,0,0,1,0,1,0,0,0,0
Saint-Amand-les-Eaux,0,0,0,0,0,1,0,4,0,0,0,0
Gif-sur-Yvette,0,0,0,0,0,0,0,0,0,0,0,0
Cachan,1,0,2,0,3,0,0,0,0,0,0,4
Montigny-le-Bretonneux,1,0,1,0,3,0,0,0,0,0,0,4
Voisins-le-Bretonneux,0,0,0,0,0,0,0,0,0,0,0,5
Hautmont,0,1,0,0,1,1,0,0,0,0,0,0
Orly,1,0,0,0,0,1,0,1,0,0,0,0
Vanduvre-lès-Nancy,0,1,0,0,1,2,0,3,1,0,0,0
Nancy,5,0,10,0,15,0,0,7,3,2,0,48
Raismes,0,1,1,0,0,0,0,0,0,0,0,0
Aniche,0,0,1,0,0,0,0,0,0,0,0,0
Marly,4,0,0,0,1,2,0,0,0,0,0,2
Saint-Saulve,0,0,0,0,0,0,0,1,0,1,0,0
Denain,1,0,1,0,1,1,0,4,1,1,0,0
Rennes,15,5,3,1,19,2,1,27,2,2,2,59
Faches-Thumesnil,0,0,0,0,2,2,0,1,0,0,0,0
Loos,2,0,1,0,0,1,0,1,0,0,0,2
Villeneuve-d'Ascq,0,2,0,0,3,2,0,3,0,1,0,2
Wasquehal,3,0,0,0,0,0,0,1,0,0,0,3
Saint-André-lez-Lille,0,0,0,0,2,0,0,5,0,0,0,1
Roncq,0,0,0,0,0,0,0,0,0,0,0,0
Caudry,1,0,1,0,1,0,0,0,0,0,0,0
Rezé,0,1,1,1,2,1,0,3,0,0,0,6
Sainte-Luce-sur-Loire,1,0,0,0,0,0,0,0,0,0,0,3
Colmar,2,2,4,2,5,3,0,5,2,2,0,8
Cambrai,4,2,3,0,5,1,0,1,1,1,1,1
Sin-le-Noble,1,0,0,0,0,0,0,0,0,0,0,0
Somain,0,0,0,0,0,0,0,2,0,0,0,0
Antony,2,1,1,0,1,1,0,4,1,1,0,5
Annullin,0,0,0,0,0,0,0,0,0,0,0,0
Seclin,0,0,0,0,0,1,0,3,1,1,0,0
Wattignies,0,0,0,0,0,0,0,1,0,0,0,1
Haubourdin,1,0,0,0,1,0,0,1,0,0,0,0
Lille,11,9,11,1,25,10,0,12,7,3,4,40
Mons-en-Barul,1,0,0,0,0,0,0,0,0,0,0,5
La Madeleine,1,1,1,0,0,1,0,0,0,0,0,0
Hem,0,0,0,0,0,0,0,0,0,0,0,4
Marcq-en-Barul,3,0,0,0,2,1,1,1,0,0,0,4
Croix,1,0,1,0,0,1,0,0,0,0,0,2
Wattrelos,0,0,0,0,1,2,0,0,0,0,0,0
Vanves,0,0,0,0,1,0,0,0,0,0,0,9
Roubaix,4,3,5,0,16,4,0,4,1,1,0,15
Marquette-lez-Lille,1,0,0,0,1,0,0,0,0,0,0,0
Neuville-en-Ferrain,0,0,0,0,0,2,0,0,0,0,0,0
Halluin,0,0,0,0,1,0,0,0,0,0,0,0
Comines,0,0,0,0,1,3,0,1,0,0,0,0
Saint-Sébastien-sur-Loire,3,1,1,0,0,1,0,1,0,0,0,2
Plaisir,2,1,0,0,2,1,0,3,0,0,0,0
Villers-lès-Nancy,3,0,0,0,0,0,0,0,0,0,0,1
Bourg-lès-Valence,1,0,0,1,2,0,0,0,0,0,0,1
La Ciotat,0,0,1,0,2,0,0,2,1,1,0,1
Wittenheim,0,0,0,0,0,0,0,0,0,0,0,0
Bischheim,2,0,0,0,0,1,0,1,0,0,0,0
Nantes,17,4,7,1,32,4,1,21,2,3,2,58
Le Vésinet,1,0,0,0,0,0,0,1,0,0,0,5
Schiltigheim,1,0,0,1,1,1,0,2,0,1,0,3
Béziers,2,3,1,2,6,3,0,5,1,2,0,5
Orvault,0,0,0,0,1,2,0,2,0,0,0,0
Sélestat,1,0,1,1,0,2,0,1,1,1,0,6
Aix-en-Provence,2,1,4,0,4,4,0,6,2,2,0,18
Vernouillet,0,0,0,0,2,3,0,0,0,0,0,0
Rognac,1,0,0,0,0,0,0,0,0,0,0,0
Verrières-le-Buisson,1,0,0,0,1,0,0,0,0,0,0,5
Bouc-Bel-Air,0,0,0,0,0,2,0,1,0,0,0,3
Dreux,1,1,1,0,3,0,0,1,1,1,0,3
Ostwald,0,1,0,0,0,0,0,0,0,0,0,0
Trets,0,0,0,0,0,0,0,0,0,0,0,3
Boulogne-Billancourt,2,0,1,0,13,0,0,1,1,0,1,16
Pertuis,0,0,0,0,0,0,0,0,1,1,0,0
Narbonne,3,2,0,0,4,3,0,7,2,2,0,10
Les Pennes-Mirabeau,0,0,0,0,0,0,0,0,0,0,0,0
Rueil-Malmaison,2,1,0,0,0,1,0,2,0,1,0,10
Marignane,0,0,0,0,0,1,0,0,1,0,0,5
Maubeuge,1,2,3,0,6,1,0,2,1,2,0,0
Saint-Ouen-l'Aumône,3,0,2,0,4,1,0,1,0,0,0,1
Arles,1,0,1,0,4,1,0,2,0,1,0,10
Lézignan-Corbières,0,0,0,0,0,1,0,2,0,0,0,0
Fourmies,0,0,0,0,1,1,0,0,1,1,0,0
Marly-le-Roi,0,0,0,0,0,0,0,1,0,0,0,3
Bastia,6,0,2,0,2,0,0,2,1,2,0,0
Carrières-sur-Seine,0,0,0,0,0,1,0,0,0,0,0,2
Douchy-les-Mines,0,0,0,0,0,0,0,0,0,0,0,0
Villeneuve-Loubet,0,1,0,0,0,1,0,0,0,0,0,0
Saint-Herblain,0,0,0,0,4,1,0,3,0,1,0,1
Auriol,0,0,0,0,0,0,0,0,0,0,0,0
Pamiers,2,0,1,0,2,3,0,1,0,0,0,0
Soissons,3,0,2,1,8,1,0,2,1,1,0,2
Tarascon,0,0,0,0,0,0,0,0,0,0,0,0
Martigues,1,0,0,0,3,0,0,1,0,1,0,4
Allauch,0,0,0,0,0,0,0,1,0,0,0,2
Douai,2,3,2,0,8,1,0,3,0,0,0,2
Beaune,4,0,1,0,3,2,0,3,1,1,0,0
Château-Thierry,1,0,0,0,3,1,0,0,1,1,0,0
Bailleul,1,0,0,0,1,0,0,3,0,0,1,1
Septèmes-les-Vallons,1,0,0,0,0,0,0,0,0,0,0,0
Chambéry,6,2,1,0,10,4,0,1,1,1,0,5
La Motte-Servolex,0,0,0,0,2,0,0,1,0,0,0,1
Aubagne,1,0,0,0,4,4,0,4,1,2,0,2
Montesson,0,0,0,0,0,1,0,2,0,0,0,1
Ronchin,0,0,0,0,1,0,0,0,0,0,0,0
Hnheim,0,0,0,1,1,0,0,0,0,0,0,4
Lys-lez-Lannoy,0,0,0,0,0,1,0,0,0,0,0,0
Lambersart,3,1,0,0,1,0,0,0,0,0,0,3
Mouvaux,1,0,0,0,0,0,0,0,0,0,0,4
Salon-de-Provence,1,0,2,0,4,3,0,1,1,1,2,9
Menton,1,0,0,0,0,1,0,0,1,0,0,0
Pierrelatte,1,0,0,0,2,1,0,0,0,0,0,0
Tourcoing,7,4,5,1,6,3,0,4,1,2,0,11
Biot,0,0,0,0,0,0,0,0,0,0,0,0
Strasbourg,11,4,12,1,34,5,1,6,5,3,6,48
Vallauris,1,0,1,0,1,0,0,0,0,0,0,2
Garches,1,0,0,0,1,0,0,2,1,0,0,0
Sartrouville,1,0,0,1,3,1,0,1,0,0,0,4
Saint-Cloud,0,0,0,0,3,0,0,3,1,1,0,7
Suresnes,0,2,0,0,1,2,0,4,1,1,0,3
Aubergenville,0,0,0,0,0,0,0,0,1,0,0,2
Ollioules,0,0,0,0,0,0,0,1,1,0,0,0
Houilles,0,2,0,0,0,0,0,0,0,0,0,2
Ajaccio,1,2,2,0,1,2,0,3,0,1,0,4
Brumath,0,0,0,0,0,0,0,3,0,0,0,2
Illkirch-Graffenstaden,2,0,0,0,0,2,0,1,0,0,0,2
La Roche-sur-Foron,0,0,0,1,1,0,0,1,0,0,0,4
Marseille 9e Arrondissement,2,1,0,0,0,4,0,4,0,0,0,4
Passy,0,0,0,0,1,0,0,1,0,0,0,0
Cluses,4,0,2,0,5,2,0,0,0,0,0,0
La Chapelle-sur-Erdre,0,0,0,0,0,0,0,0,0,0,0,3
Maisons-Laffitte,0,0,0,0,1,0,0,0,1,0,0,3
Achères,0,0,0,0,1,0,0,0,0,0,0,2
Fontenay-le-Comte,0,0,1,1,2,1,0,3,1,1,0,0
Bonneville,0,0,1,0,3,1,0,0,0,0,0,0
Verneuil-sur-Seine,0,0,0,0,1,0,0,0,0,0,0,2
Quimperlé,3,0,0,1,1,0,0,4,1,0,0,3
Cavaillon,0,0,0,0,1,2,0,0,1,1,0,0
Villers-Cotterêts,0,0,0,0,1,0,0,0,0,0,0,2
Andrésy,0,0,0,0,0,1,0,0,0,0,0,3
Belfort,1,1,2,1,7,1,0,2,1,1,0,2
Limeil-Brévannes,0,0,0,0,4,0,0,0,0,0,0,3
Rouen,9,7,9,2,18,1,0,15,2,2,0,15
Port-de-Bouc,0,1,0,0,2,1,0,0,0,0,0,0
Saint-Paul-lès-Dax,1,2,0,0,0,2,0,0,0,0,0,3
Laon,4,2,2,1,4,1,0,3,1,1,0,2
Dax,1,0,1,0,6,0,0,2,1,1,0,2
Coulommiers,1,1,0,0,0,0,0,3,1,1,0,0
Marseille 1er Arrondissement,4,1,5,2,23,0,0,1,0,0,0,1
Marseille 2e Arrondissement,0,0,1,0,1,0,0,0,0,0,3,3
Marseille 3e Arrondissement,0,0,2,4,11,0,0,0,1,0,0,3
Balma,0,0,0,0,2,0,0,0,0,0,0,0
Armentières,2,0,0,0,3,4,0,1,1,1,0,2
Biscarrosse,0,0,0,0,0,0,0,0,1,0,0,1
Marseille 6e Arrondissement,3,2,6,0,6,0,0,2,0,1,0,10
Marseille 7e Arrondissement,1,1,0,0,0,1,0,0,0,0,0,1
Bouguenais,1,1,0,0,1,0,0,0,0,0,0,2
Vernon,2,0,1,1,4,0,0,6,1,1,0,5
La Riche,0,0,0,0,0,0,0,0,0,0,0,0
Pantin,0,2,0,0,2,0,0,0,0,0,0,8
Le Pré-Saint-Gervais,0,0,1,0,0,0,0,0,0,0,0,0
Marseille 10e Arrondissement,3,0,1,0,1,2,0,0,0,0,0,3
Joué-lès-Tours,3,0,0,1,2,1,0,1,0,0,0,0
Tours,9,2,4,1,18,6,1,1,1,1,0,25
Villefontaine,1,1,0,0,0,2,0,1,0,0,0,0
Ermont,1,1,0,0,3,0,0,1,1,1,0,2
La Valette-du-Var,1,0,0,0,0,0,0,0,0,0,0,0
Périgueux,3,1,4,1,6,0,0,2,2,1,0,3
Soisy-sous-Montmorency,0,0,0,0,0,1,0,0,0,0,0,3
Sallanches,1,0,0,0,0,1,0,1,1,1,0,3
Marseille 13e Arrondissement,2,1,0,0,4,1,0,3,1,0,1,3
Carquefou,0,0,0,0,0,3,0,2,0,0,0,2
Marseille 16e Arrondissement,0,0,0,0,1,1,0,1,0,0,0,3
Pacé,0,0,0,0,1,0,0,1,0,0,0,0
Couëron,0,0,0,0,0,0,0,0,0,0,0,2
Montélimar,1,0,2,0,3,2,0,3,1,1,0,1
Miramas,0,0,0,2,1,0,1,0,0,0,0,1
Lingolsheim,0,0,0,0,0,0,0,1,0,0,0,1
Montceau-les-Mines,1,2,0,1,3,1,0,1,0,0,0,0
Gardanne,0,0,0,0,1,1,0,1,0,0,0,2
Vitrolles,1,0,1,0,1,2,0,2,0,1,0,0
Cesson-Sévigné,0,0,0,0,0,1,0,0,1,0,0,2
Hazebrouck,2,3,0,0,1,2,0,2,1,1,0,1
Cagnes-sur-Mer,3,0,0,0,1,0,0,1,1,1,0,2
Marseille 4e Arrondissement,1,1,1,0,3,3,0,0,0,0,0,1
Vence,1,0,0,0,2,1,0,0,0,0,0,4
Val-de-Reuil,1,1,0,0,2,2,0,0,0,0,0,0
Saint-Avertin,0,1,0,0,0,0,0,0,0,0,0,0
Vichy,1,0,1,0,3,0,0,4,1,1,0,0
L'Isle-d'Abeau,1,0,0,0,1,0,0,0,0,0,0,2
L'Ha˙-les-Roses,0,0,0,1,3,0,0,0,0,0,0,0
Fondettes,0,0,0,0,0,0,0,0,0,0,0,0
L'Isle-Adam,0,0,0,0,1,1,0,0,0,1,0,0
Eaubonne,1,0,1,0,1,0,0,1,1,1,0,2
Marseille 15e Arrondissement,0,0,1,2,8,1,0,6,1,1,0,0
Chatou,0,0,0,0,1,1,0,0,0,0,0,1
Dammarie-les-Lys,1,1,1,0,4,0,0,0,0,0,0,0
Châteaurenard,0,0,0,0,0,1,0,3,0,0,0,4
Louviers,0,2,0,0,4,1,0,3,1,0,0,1
Amboise,3,1,1,0,2,0,0,0,1,0,0,3
Castelnaudary,0,0,0,0,2,1,0,2,1,0,0,0
Dijon,1,5,9,2,23,2,0,12,2,2,0,27
Millau,2,0,1,0,1,2,0,2,1,1,0,7
Châteauneuf-les-Martigues,0,0,0,0,0,0,0,0,0,0,0,0
Plan-de-Cuques,0,0,0,0,0,0,0,0,0,0,0,0
Rumilly,0,0,0,1,1,0,0,0,1,0,0,0
Nanterre,0,3,6,1,14,4,0,8,1,1,0,9
Bourgoin-Jallieu,2,1,2,0,4,3,0,4,1,2,0,4
Angoulême,3,2,6,0,5,3,0,6,0,0,0,15
Claye-Souilly,0,0,0,0,0,2,0,0,0,0,0,0
Antibes,3,0,0,0,4,0,0,1,1,1,0,4
Meaux,1,3,4,0,4,2,0,3,1,1,0,8
Saint-Ouen,1,1,0,0,4,0,0,1,0,0,1,9
Le Pradet,1,0,0,0,1,0,0,0,0,0,0,0
Levallois-Perret,0,1,0,0,3,2,0,2,1,1,0,9
Vaux-le-Pénil,0,0,0,0,1,2,0,0,0,0,0,2
Grenoble,7,3,12,2,18,6,0,5,1,1,2,29
Fontaine,2,1,0,0,1,3,0,1,0,0,0,0
Combs-la-Ville,0,0,0,0,0,1,0,0,0,0,0,0
Ambarès-et-Lagrave,0,0,0,0,0,1,0,0,0,0,0,0
Saint-Germain-en-Laye,6,0,2,1,3,0,0,2,1,1,0,6
Conflans-Sainte-Honorine,2,0,1,1,2,0,0,2,0,0,0,4
Yerres,0,0,0,0,2,1,0,2,1,0,0,0
Le Kremlin-Bicêtre,0,0,0,0,0,1,0,1,1,1,0,2
Alès,2,2,2,1,3,1,0,1,2,1,0,3
Le Petit-Quevilly,0,0,1,0,1,0,0,4,1,0,0,0
Marseille 5e Arrondissement,2,1,0,0,0,0,0,1,2,1,0,2
Marseille 8e Arrondissement,7,0,0,0,5,0,0,1,1,1,0,5
Saint-Cyr-sur-Loire,1,1,0,0,0,0,0,1,1,0,0,4
Guebwiller,2,0,0,0,1,0,0,2,1,0,0,1
Chambray-lès-Tours,0,0,0,0,0,0,0,1,2,1,0,0
Sassenage,0,0,0,0,0,0,0,0,0,0,0,0
Marseille 11e Arrondissement,2,0,3,0,3,3,0,4,0,0,0,2
Saint-Égrève,1,0,0,0,0,1,0,3,0,0,0,0
Marseille 12e Arrondissement,0,1,1,1,0,1,0,3,1,1,0,3
Marseille 14e Arrondissement,4,0,0,0,2,2,0,4,0,0,0,1
La Garde,0,0,2,0,2,0,0,3,0,0,0,2
Cannes,6,0,0,0,11,1,0,1,1,1,0,2
La Garenne-Colombes,1,1,0,0,1,0,0,1,0,1,0,1
Saint-Pierre-des-Corps,0,0,0,0,2,0,0,0,0,0,0,1
Saint-Fargeau-Ponthierry,0,0,0,0,0,0,0,0,0,0,0,2
Melun,4,3,2,2,4,2,0,1,2,1,0,1
Le Mée-sur-Seine,1,0,0,0,0,0,0,0,0,0,0,2
Clichy,2,0,1,0,7,1,0,3,1,1,0,4
Saint-Martin-d'Hères,4,0,0,0,1,3,0,1,0,1,0,2
Meylan,0,0,0,0,0,0,0,0,0,0,0,3
Aubervilliers,1,1,1,0,16,2,0,3,1,1,0,6
Épinal,2,3,1,0,3,3,0,7,1,2,0,2
Le Grand-Quevilly,0,0,0,0,4,0,0,2,0,0,0,2
Cenon,0,1,2,0,1,0,0,0,0,0,0,2
Briançon,1,0,1,0,0,0,0,2,1,1,0,2
Fos-sur-Mer,0,0,0,0,0,0,0,0,0,0,0,0
Issy-les-Moulineaux,1,1,0,0,8,2,0,1,0,0,0,5
Lunéville,2,0,1,0,1,3,0,2,1,1,0,1
Plougastel-Daoulas,1,0,0,0,0,0,0,0,0,0,0,2
Digne-les-Bains,6,2,2,1,5,1,0,1,0,1,0,2
Maromme,0,0,0,0,0,0,0,1,0,0,0,0
Mougins,0,0,0,0,0,0,0,1,0,0,2,2
Erstein,0,0,0,0,1,1,0,2,0,0,0,6
Villeneuve-la-Garenne,2,1,0,0,0,1,0,0,0,0,0,0
Argenteuil,4,2,1,0,11,1,0,5,1,1,0,7
Fresnes,1,0,0,0,4,1,0,0,0,0,0,4
Arcueil,0,2,1,0,1,0,0,0,0,0,0,1
Évry,1,3,1,1,11,2,0,0,1,2,0,0
Saint-Dié-des-Vosges,3,0,0,0,2,2,0,4,1,1,0,2
Alfortville,1,0,0,0,3,1,0,2,0,0,0,3
Mitry-Mory,0,0,0,0,0,0,0,1,0,0,0,0
Cugnaux,0,0,0,0,0,0,0,2,0,0,0,6
Floirac,0,0,0,0,0,1,0,0,0,0,0,3
Échirolles,0,0,2,0,5,2,0,1,2,1,0,0
Bordeaux,9,5,13,0,32,1,0,20,3,2,4,69
Bègles,1,0,0,1,0,1,0,1,0,0,0,7
Créteil,1,3,2,1,5,2,1,4,2,1,4,4
Porto-Vecchio,0,0,1,0,0,1,0,2,1,1,0,1
Bois-Colombes,0,0,0,1,0,0,0,0,0,0,0,7
Gennevilliers,2,1,1,0,7,2,0,4,0,0,0,3
Courcouronnes,0,0,0,0,0,0,0,0,0,0,0,1
Morsang-sur-Orge,1,0,0,0,0,1,0,0,0,0,0,0
Caluire-et-Cuire,4,0,0,0,1,1,0,2,0,0,0,9
Asnières-sur-Seine,0,1,1,1,6,1,0,2,0,0,0,4
Neuilly-sur-Seine,1,0,1,0,0,0,0,3,1,3,0,6
Courbevoie,1,1,2,0,3,0,0,2,0,0,0,9
Le Cannet,0,0,0,0,3,0,0,0,0,0,0,1
Le Relecq-Kerhuon,0,0,0,0,1,0,0,0,0,0,0,2
Brie-Comte-Robert,0,0,0,0,0,0,0,0,0,0,0,0
Villiers-sur-Marne,2,1,0,0,3,0,0,1,0,0,0,2
Saint-Denis,4,1,1,1,15,4,0,4,1,1,0,15
Istres,0,0,1,0,2,1,0,0,1,0,0,1
Longuenesse,0,0,1,0,2,0,0,0,0,0,0,1
Saint-Étienne-du-Rouvray,0,0,0,0,3,2,0,5,0,0,0,1
Canteleu,2,0,0,0,0,3,0,1,0,0,0,0
Lormont,1,0,0,0,1,0,0,1,1,1,0,0
La Flèche,2,0,0,0,4,2,0,0,0,0,0,0
Haguenau,0,0,1,1,0,2,0,4,1,1,0,3
Sarreguemines,1,1,1,0,2,2,0,6,1,1,0,3
Colombes,2,1,2,0,4,4,0,2,1,1,0,17
Puteaux,1,0,0,0,2,2,0,0,0,0,0,8
Viry-Châtillon,0,0,0,0,2,0,0,2,0,0,0,0
Valbonne,0,0,0,0,2,0,0,0,0,0,0,1
Bruz,1,0,0,1,1,1,0,2,0,0,0,2
Saint-Jacques-de-la-Lande,1,0,0,0,0,1,0,1,0,0,0,0
Sotteville-lès-Rouen,0,0,0,0,2,0,0,3,0,0,0,3
Pornic,1,0,0,0,0,0,0,0,0,0,0,1
Saint-Brevin-les-Pins,0,0,0,0,0,0,0,0,0,0,0,2
Saint-Omer,1,0,1,0,3,0,0,0,0,0,0,0
Villeneuve-le-Roi,0,0,2,0,1,0,0,0,0,0,0,0
Avignon,7,1,8,1,2,2,0,13,1,2,0,11
La Queue-en-Brie,0,0,0,0,0,0,0,1,0,0,0,0
Chennevières-sur-Marne,0,0,0,0,1,2,0,0,0,0,0,2
Déville-lès-Rouen,0,0,0,0,1,0,0,0,0,0,0,1
Grasse,1,0,0,0,11,3,0,1,1,1,0,5
Berre-l'Étang,0,0,0,0,2,0,0,0,0,0,0,0
Enghien-les-Bains,0,1,0,0,0,0,0,0,0,0,0,0
Saint-Gratien,1,0,0,0,2,0,0,0,0,0,0,0
Oissel,0,0,0,1,2,0,0,1,0,0,0,0
Fontenay-sous-Bois,1,0,1,0,2,0,0,2,0,0,0,1
La Teste-de-Buch,0,0,0,0,0,1,0,0,1,1,0,0
Montivilliers,0,0,0,0,1,1,0,0,1,1,0,0
Charenton-le-Pont,0,0,0,0,0,0,0,0,0,0,0,6
Saint-Médard-en-Jalles,0,0,0,0,0,1,0,0,0,0,0,2
Thiais,1,0,0,0,6,0,0,0,1,0,0,0
Clermont-Ferrand,7,6,3,0,13,8,0,7,3,1,8,29
Gentilly,0,0,0,0,0,0,0,2,0,0,0,2
Amilly,1,0,0,0,2,2,0,1,1,1,0,3
Gujan-Mestras,0,0,0,0,0,0,0,0,0,0,0,2
Annemasse,3,0,1,0,4,0,0,1,1,1,0,5
Talence,1,0,0,0,1,0,0,3,0,1,0,3
Bruges,0,0,0,0,0,0,0,1,0,1,0,2
Mérignac,1,1,0,0,1,3,0,1,0,0,0,4
Le Bouscat,0,0,0,0,1,0,0,0,0,0,0,2
Le Pont-de-Claix,0,0,0,0,0,0,0,0,0,0,0,0
Maisons-Alfort,1,0,1,0,2,0,0,0,0,0,0,7
Thonon-les-Bains,3,0,1,0,1,0,0,1,1,1,0,2
Villenave-d'Ornon,0,1,0,1,0,2,0,3,1,0,0,0
Blanquefort,0,0,0,0,0,0,0,1,0,0,0,0
Pessac,1,0,1,0,1,3,0,3,2,1,0,9
Ivry-sur-Seine,0,0,0,0,8,0,0,1,0,0,0,8
Valenton,0,0,0,0,1,0,0,0,0,0,0,0
Vitré,0,0,1,0,3,1,0,3,1,1,0,4
Cognac,1,0,1,0,2,0,0,1,0,0,0,4
Montigny-lès-Metz,0,0,1,0,1,3,0,1,0,0,0,2
Bolbec,1,2,1,0,2,0,0,0,0,0,0,0
Vincennes,0,0,1,0,1,0,0,0,0,0,0,9
Eybens,1,0,0,0,0,1,0,0,0,0,0,0
Mont-Saint-Aignan,2,0,0,0,2,0,0,0,0,1,0,0
Sannois,1,1,0,0,3,1,0,0,0,0,0,1
Bezons,0,0,1,0,4,0,0,1,0,0,0,1
Besançon,8,4,4,3,24,5,1,11,1,2,2,21
Choisy-le-Roi,0,0,0,1,5,1,0,3,0,0,0,0
Le Mans,5,7,3,3,15,6,0,11,2,2,0,15
Le Havre,12,5,3,3,16,7,0,6,2,1,0,12
Tulle,2,1,1,1,1,4,0,1,1,1,0,0
Vitry-sur-Seine,6,1,1,0,5,2,0,1,1,1,0,1
Villeneuve-Saint-Georges,0,0,0,0,2,2,0,2,1,1,0,0
Villejuif,1,0,1,0,5,4,0,3,0,0,0,3
Boissy-Saint-Léger,0,0,0,2,2,0,0,0,0,0,0,2
Eysines,1,0,0,1,2,2,0,2,0,0,0,0
Gradignan,4,0,0,0,0,0,0,0,0,0,0,0
Bonneuil-sur-Marne,0,0,0,0,2,0,0,2,0,0,0,0
Sablé-sur-Sarthe,1,0,0,0,1,1,0,2,0,0,0,2
Betton,0,0,0,0,1,2,0,0,0,0,0,1
Sucy-en-Brie,1,0,0,0,0,0,0,0,0,0,0,2
L'Isle-sur-la-Sorgue,0,0,0,0,0,1,0,1,0,0,0,0
Ormesson-sur-Marne,0,0,0,0,0,0,0,0,0,0,0,3
Champigny-sur-Marne,0,0,1,0,5,3,0,1,1,0,0,2
Bry-sur-Marne,2,0,0,0,1,1,0,1,1,1,0,3
Le Plessis-Trévise,0,1,1,0,1,0,0,0,0,0,0,1
Saint-Mandé,0,0,0,0,0,1,0,2,1,1,0,1
Allonnes,0,0,0,0,2,2,0,1,0,0,0,0
Nogent-sur-Marne,2,2,0,0,3,0,0,2,1,1,0,1
Saint-Maurice,0,0,0,0,0,0,0,1,0,1,0,0
Gerzat,0,0,0,0,0,0,0,0,0,0,0,0
Montbrison,2,0,0,0,0,1,0,3,1,1,0,0
Fécamp,6,1,0,0,5,1,0,1,1,1,0,2
Riom,0,1,0,0,1,2,0,2,0,0,0,5
Dieppe,8,3,2,1,2,0,0,1,1,1,0,0
Montluçon,4,3,1,0,3,3,0,1,1,1,0,0
Deuil-la-Barre,0,0,0,0,0,0,0,0,0,0,0,0
Franconville,0,0,0,0,1,0,0,0,0,0,0,1
Cestas,0,0,0,0,0,0,0,0,0,0,0,0
Yvetot,2,1,0,0,1,1,0,4,0,0,0,1
Saint-Just-Saint-Rambert,0,0,0,0,0,0,0,0,0,0,0,2
Le Perreux-sur-Marne,1,0,1,0,0,1,0,1,0,0,0,1
Arcachon,1,0,0,0,0,0,0,1,0,0,0,0
Rodez,1,1,2,0,3,2,0,6,1,1,0,5
Joinville-le-Pont,1,0,0,0,0,1,0,0,0,0,2,2
Juvisy-sur-Orge,1,3,0,0,4,0,0,1,1,0,0,0
Montargis,1,1,1,0,2,0,0,0,0,0,0,2
Andernos-les-Bains,0,0,0,0,0,1,0,1,0,0,0,2
Pont-à-Mousson,2,0,1,0,2,2,0,2,1,0,0,0
Pont-du-Château,0,0,0,0,0,0,0,0,0,0,0,0
Longwy,3,1,1,0,2,0,0,1,0,0,0,1
Villeurbanne,2,4,3,3,23,10,1,4,1,1,0,1
Marmande,1,0,1,0,1,0,0,2,1,1,0,3
Brunoy,0,0,0,0,1,0,0,0,0,0,0,4
Amiens,10,3,7,4,17,7,1,8,2,2,2,28
Abbeville,2,0,0,0,0,2,0,3,1,1,0,0
Châteaubriant,0,0,0,0,1,1,0,3,1,1,0,0
Guéret,2,1,1,1,5,0,0,6,1,1,0,2
Creutzwald,0,0,0,0,0,1,0,0,0,0,0,0
Toul,2,0,0,0,2,0,0,2,1,1,0,0
Montbéliard,4,1,1,0,7,0,0,2,1,2,0,0
Montmorency,3,0,0,0,2,0,0,2,0,0,0,2
Taverny,1,0,0,0,2,2,0,0,0,0,0,1
Montmagny,0,0,0,0,0,0,0,0,0,0,0,0
Freyming-Merlebach,0,0,1,0,0,0,0,1,0,0,0,0
Limoges,4,5,4,2,11,7,0,10,3,2,0,37
Aurillac,4,2,2,1,2,7,0,2,1,1,0,1
Aubenas,0,0,1,0,3,0,0,2,1,1,0,0
Saint-Junien,0,0,0,0,1,1,0,2,1,1,0,2
Domont,1,1,0,0,1,1,0,1,0,0,0,0
Brive-la-Gaillarde,3,2,3,0,2,1,0,3,1,2,0,2
Villefranche-de-Rouergue,0,0,1,0,2,0,0,3,1,1,0,2
Cusset,0,2,0,1,0,0,0,1,0,0,0,2
Panazol,0,0,0,0,1,2,0,0,0,0,0,0
Roche-la-Molière,1,0,0,0,0,0,0,0,0,0,0,0
La Rochelle,0,3,6,1,5,0,0,5,1,2,0,24
Lyon 3e Arrondissement,0,1,3,1,15,0,0,2,1,0,1,11
Rochefort,1,1,1,0,2,3,0,2,1,1,0,0
Saint-Étienne,13,6,8,0,19,7,0,3,3,1,0,24
Firminy,0,0,0,0,1,0,0,1,1,1,0,0
Le Chambon-Feugerolles,1,0,0,0,0,2,0,0,0,0,0,0
Audincourt,1,0,0,0,1,0,0,1,0,0,0,3
Rombas,0,0,0,0,0,1,0,0,0,0,0,0
Saint-Chamond,0,0,0,0,1,2,0,1,1,1,0,0
L'Union,0,0,0,0,0,0,0,0,0,0,0,0
Saint-Jean,0,0,0,0,1,0,0,0,1,1,0,0
Fonsorbes,0,0,0,0,1,0,0,0,0,0,0,0
Cournon-d'Auvergne,0,0,0,0,0,0,0,1,0,0,0,0
Charleville-Mézières,0,3,2,1,9,2,0,12,1,1,0,0
Moulins,2,1,1,0,4,1,0,0,0,1,0,0
Le Puy-en-Velay,3,2,4,0,4,1,0,2,1,1,0,2
Jouy-le-Moutier,2,0,0,0,1,1,0,0,0,0,0,0
Éragny,2,0,0,0,1,0,0,0,0,0,0,1
Cergy,3,2,3,0,7,2,0,4,0,0,6,7
Osny,0,0,1,1,2,0,0,1,1,0,0,0
Lyon 9e Arrondissement,1,1,1,0,7,2,0,1,1,0,0,2
Maizières-lès-Metz,0,0,0,0,1,0,0,1,0,0,0,0
Royan,0,0,0,0,1,1,0,1,3,1,0,0
Cahors,2,1,2,0,4,1,0,3,1,1,0,0
Vauréal,0,0,0,0,0,0,0,0,0,0,0,0
Pontoise,3,4,1,0,9,0,0,1,1,1,0,0
Muret,0,0,0,0,2,0,0,2,1,1,0,6
Thionville,2,1,4,0,4,1,0,1,1,1,0,5
Avon,0,0,0,0,0,0,0,0,0,0,0,0
Draguignan,1,1,0,0,1,1,0,1,1,1,0,0
Woippy,1,0,0,0,3,0,0,0,0,0,0,0
Saint-Maximin-la-Sainte-Baume,0,0,0,0,0,1,0,1,0,0,0,1
Saint-Avold,0,1,0,0,0,2,0,3,1,1,0,0
Yutz,0,0,0,0,2,1,0,0,0,0,0,1
Valentigney,0,0,0,0,1,0,0,1,0,0,0,0
Yzeure,0,0,0,0,0,2,0,1,0,0,0,0
Romainville,0,0,0,0,1,1,0,0,0,0,0,4
Issoire,0,1,0,0,2,1,0,1,1,1,0,0
Issoudun,0,1,0,0,2,1,0,0,1,0,0,0
Tournon-sur-Rhône,1,0,1,1,1,1,0,0,0,0,0,0
Le Pontet,0,0,0,0,1,0,0,0,0,0,0,2
Noisy-le-Grand,0,0,2,0,1,0,0,1,0,0,0,0
Chamalières,2,0,0,0,0,0,0,0,0,0,0,3
Guilherand-Granges,0,0,0,0,0,0,0,1,1,1,0,2
Auch,2,2,0,1,7,1,0,4,1,1,0,1
Talant,1,0,0,0,0,0,0,0,0,0,0,1
Clichy-sous-Bois,1,0,0,0,1,0,0,1,0,0,0,3
Montreuil,4,0,3,1,21,3,0,6,1,1,0,15
Rosny-sous-Bois,0,1,0,0,6,1,0,0,0,0,0,2
Bagnolet,0,0,0,0,2,0,0,0,1,0,0,4
Bobigny,3,2,0,0,4,1,0,3,1,0,0,1
Les Lilas,0,0,0,0,0,0,0,0,0,1,0,2
Albi,3,1,2,1,1,3,1,9,2,2,0,1
Noisy-le-Sec,1,1,0,0,1,3,0,0,0,0,0,2
Gaillac,1,0,0,0,1,1,0,3,0,0,0,0
Poitiers,5,4,2,1,11,2,0,7,2,2,0,14
Roanne,3,2,1,1,3,1,0,2,2,1,0,2
Castelsarrasin,0,0,0,0,1,1,0,1,0,0,0,0
Châtellerault,1,1,3,0,1,2,0,2,1,1,0,0
Neuilly-Plaisance,0,0,1,0,2,0,0,0,0,0,0,0
Elbeuf,1,1,1,0,2,2,0,4,0,0,0,0
Castres,2,0,0,0,1,1,0,4,2,1,0,2
Vire,0,1,0,0,0,0,0,3,1,0,0,0
Goussainville,2,1,0,0,2,1,0,0,0,0,0,0
Mazamet,1,0,1,0,2,0,0,0,0,0,0,0
Chenôve,1,0,0,0,0,2,0,2,1,0,0,0
Bourg-en-Bresse,2,3,0,0,6,3,0,3,1,0,0,2
Graulhet,1,0,0,0,1,0,0,2,0,0,2,4
Auray,2,2,0,1,1,1,0,3,1,0,0,2
Caudebec-lès-Elbeuf,0,0,0,0,2,1,0,0,0,0,0,0
Riorges,1,0,1,0,1,2,0,0,0,0,0,0
Montauban,4,1,1,1,8,1,1,8,2,3,2,3
Saint-Claude,1,1,1,0,2,1,0,2,1,1,0,2
Beaumont,0,0,0,0,0,1,0,0,0,1,0,0
Villetaneuse,0,0,0,0,0,0,0,0,0,0,0,0
Creil,1,0,4,2,6,1,0,3,1,1,0,2
Gex,0,0,1,0,2,0,0,0,0,0,0,0
La Courneuve,2,1,0,0,5,1,0,1,0,0,0,2
Grande-Synthe,0,1,0,0,1,3,0,0,1,1,2,1
Coudekerque-Branche,1,0,0,0,0,1,0,1,0,0,0,0
Saintes,4,2,1,0,4,1,0,3,1,1,0,1
Gonesse,0,0,1,0,1,1,0,2,1,1,0,0
Bondy,1,0,1,0,4,0,0,3,1,1,0,2
Gravelines,3,0,0,0,1,0,0,1,0,0,0,0
Dunkerque,4,5,4,1,18,0,0,4,1,2,0,0
Montataire,0,0,0,0,3,0,0,1,0,0,0,0
Annonay,0,0,0,1,2,1,0,3,1,1,0,1
Lavaur,0,0,0,0,0,1,0,3,1,1,0,1
Moissac,2,0,2,0,5,0,0,1,1,0,0,3
Nogent-sur-Oise,0,2,0,0,7,0,0,0,0,0,0,2
Bergerac,2,1,1,0,3,2,0,2,1,1,0,5
Ambérieu-en-Bugey,2,0,0,1,2,0,0,1,1,1,0,2
Saran,0,0,0,0,0,1,0,1,1,1,0,0
Orléans,6,2,1,0,13,3,1,5,2,1,0,17
Fleury-les-Aubrais,0,1,0,0,1,1,0,1,0,0,0,1
La Chapelle-Saint-Mesmin,0,2,0,0,0,0,0,0,0,0,0,0
Agen,8,1,4,0,6,1,0,3,2,2,0,10
Saint-Laurent-du-Var,0,0,0,0,0,0,0,0,1,0,0,1
Saint-Avé,0,0,0,0,0,0,0,1,0,0,0,0
Saint-Jean-de-Braye,0,0,0,0,3,3,0,0,0,0,0,0
Saint-Jean-de-la-Ruelle,1,0,0,0,0,0,0,0,0,0,0,0
Niort,2,4,2,1,3,3,0,3,2,2,0,13
Carpentras,2,0,2,0,2,2,0,4,1,1,0,0
Mennecy,1,0,0,0,0,0,0,0,0,0,0,0
Bellegarde-sur-Valserine,0,0,0,0,1,1,0,0,0,0,0,0
Villeneuve-sur-Lot,2,1,1,0,1,0,0,2,1,1,0,3
Villemomble,2,1,0,1,2,0,0,0,0,0,0,2
Olivet,0,0,0,0,2,2,0,0,0,0,0,3
Lons-le-Saunier,4,2,1,0,5,1,0,4,1,1,0,6
Bollène,1,0,0,0,0,1,0,2,0,0,0,0
Dole,0,1,2,1,5,0,0,4,1,1,0,0
Parthenay,1,0,1,0,1,0,0,0,1,0,0,1
Ris-Orangis,1,1,0,0,0,0,0,0,0,0,0,1
Corbeil-Essonnes,0,4,1,0,6,2,0,1,2,1,0,2
Caen,17,8,4,5,13,0,0,10,4,2,0,11
Sedan,1,0,1,0,3,1,0,2,1,1,0,1
Chauny,1,0,1,0,3,1,0,2,1,1,0,0
Vesoul,3,2,5,0,3,2,0,5,1,1,0,2
Mont-de-Marsan,3,2,1,1,3,4,0,2,1,1,0,5
Vigneux-sur-Seine,0,1,0,0,2,0,0,0,0,0,0,3
Olonne-sur-Mer,0,0,0,0,1,0,0,0,1,1,0,0
Saint-Quentin,9,1,1,0,7,3,0,3,2,2,0,2
Le Bourget,0,0,0,0,1,1,0,0,0,0,0,0
Pierrefitte-sur-Seine,0,0,0,0,2,0,0,0,0,0,0,0
Berck,0,0,1,1,3,3,0,2,0,0,0,0
Chevigny-Saint-Sauveur,0,0,0,0,0,0,0,1,0,0,0,2
Castanet-Tolosan,0,0,0,0,1,0,0,0,0,0,0,0
Tergnier,0,0,0,0,0,0,0,1,0,0,0,2
Nevers,5,4,3,0,4,2,1,3,1,1,0,0
Château-d'Olonne,0,0,0,1,1,0,0,0,0,0,0,2
Le Blanc-Mesnil,0,0,0,0,1,1,0,0,1,1,0,2
Aulnay-sous-Bois,1,2,1,0,5,1,0,0,1,0,0,3
Le Raincy,1,2,0,0,2,1,0,0,0,0,0,2
Les Pavillons-sous-Bois,0,0,0,0,1,0,0,0,0,0,0,0
Cosne-Cours-sur-Loire,1,0,0,0,1,1,0,1,0,1,0,0
Épinay-sur-Seine,1,1,1,0,5,0,0,2,0,0,0,4
Sanary-sur-Mer,0,0,0,0,0,0,0,0,0,0,0,0
Saint-Cyr-sur-Mer,0,0,0,0,2,0,0,0,0,0,0,0
Étaples,0,0,0,0,1,1,0,2,0,0,0,0
Carros,1,0,0,0,0,0,0,0,0,0,0,0
Drancy,1,0,0,0,3,0,0,1,0,0,0,4
Beauvais,5,4,4,2,13,3,0,3,1,1,0,7
Dugny,0,0,0,0,0,0,0,1,0,0,0,0
Plaisance-du-Touch,0,0,0,0,0,0,0,0,0,0,0,2
Tremblay-en-France,0,0,0,0,2,0,0,0,1,1,0,0
Saint-Orens-de-Gameville,0,0,0,0,1,1,0,0,0,0,0,1
Saint-Gaudens,1,1,1,0,2,1,0,3,1,1,0,1
Les Sables-d'Olonne,2,1,1,0,3,0,0,3,0,0,0,2
Montfermeil,4,0,0,0,0,1,0,0,1,1,0,1
Villepinte,1,0,1,0,1,2,0,2,1,1,0,2
Châlette-sur-Loing,0,0,0,1,1,0,0,0,0,0,0,0
Gagny,2,1,2,0,2,1,0,0,0,0,0,0
Livry-Gargan,0,0,0,1,4,0,0,0,0,1,0,0
Saint-Fons,0,0,1,0,2,0,0,0,0,0,0,0
Monteux,0,0,0,0,0,0,0,0,0,0,0,0
Stains,0,1,0,1,3,0,0,0,1,1,0,0
Ramonville-Saint-Agne,0,0,0,0,0,0,0,0,0,0,0,0
Concarneau,0,0,1,0,2,1,0,3,1,0,0,4
Tarbes,5,2,2,1,8,0,0,5,1,2,0,0
Vénissieux,2,3,1,0,12,4,0,1,1,0,0,2
Gien,0,1,0,1,1,2,0,1,1,1,0,0
Bron,1,0,0,1,2,0,0,5,1,1,0,2
Billère,0,0,0,0,1,1,0,0,0,0,0,0
Les Herbiers,0,0,0,0,3,1,0,3,0,0,0,5
Hendaye,0,1,0,0,0,0,0,0,0,0,0,1
Pau,5,2,3,2,11,2,1,1,2,2,2,13
Sevran,1,0,1,0,4,0,0,0,0,0,0,2
Neuilly-sur-Marne,1,1,0,0,3,1,0,3,0,0,0,1
Fougères,1,1,1,1,6,1,0,5,1,1,0,0
La Roche-sur-Yon,4,3,3,1,9,5,0,13,2,2,4,9
Saint-Jean-de-Luz,0,0,0,0,0,0,0,0,1,0,0,0
Clermont,0,1,0,0,0,0,0,3,1,1,0,1
Oloron-Sainte-Marie,0,0,0,0,1,1,0,1,1,1,0,0
Marck,0,0,0,0,0,0,0,0,0,0,0,0
Nice,14,2,6,2,26,3,1,10,5,3,2,34
Lons,1,0,0,0,0,0,0,0,0,0,0,0
Carvin,0,0,0,0,1,0,0,0,0,0,0,3
Pierre-Bénite,0,0,0,0,1,0,0,1,1,1,0,0
Guérande,0,0,0,0,0,2,0,2,0,0,0,2
Vedène,0,0,0,0,0,0,0,0,0,0,0,2
Roquebrune-sur-Argens,0,0,0,0,0,0,0,0,0,0,0,0
Pontchâteau,0,0,0,0,0,1,0,1,0,0,0,2
Beausoleil,0,0,0,0,1,0,0,0,0,0,0,0
La Trinité,1,0,0,0,1,0,0,0,0,0,0,0
Saint-Raphaël,0,0,0,0,1,0,0,0,0,0,0,2
Angers,8,2,7,2,30,4,0,11,2,2,0,15
Seyssinet-Pariset,0,0,0,0,1,1,0,0,0,0,0,1
Hérouville-Saint-Clair,2,1,0,0,1,1,0,1,0,0,0,4
Ifs,1,1,0,0,0,3,0,1,0,0,0,4
Saint-Nazaire,3,2,1,0,6,3,0,5,1,1,0,16
Vannes,8,4,2,0,5,2,0,12,1,2,0,9
Roquebrune-Cap-Martin,0,0,0,0,0,0,0,0,0,0,0,0
Six-Fours-les-Plages,1,0,0,0,0,2,0,0,0,0,0,2
Avrillé,1,0,0,0,0,2,0,2,0,0,0,4
Fréjus,0,1,2,0,2,2,0,1,1,1,0,7
Noyon,0,0,0,1,3,1,1,1,1,0,0,0
Pernes-les-Fontaines,0,0,0,0,0,0,0,1,0,0,0,0
Sorgues,0,0,0,0,0,0,0,1,0,0,2,3
Outreau,0,0,0,0,0,1,0,0,0,0,0,0
Saint-Brice-sous-Forêt,0,1,0,0,1,0,0,0,0,0,0,0
Vidauban,0,0,0,0,0,0,0,0,0,0,0,2
Le Luc,0,0,0,0,0,0,0,0,0,0,0,0
Voiron,2,0,1,0,3,1,0,1,1,1,0,11
Saint-Martin-Boulogne,1,0,0,0,0,0,0,1,0,1,0,0
Agde,1,0,0,0,0,0,0,1,1,0,0,0
Saint-Leu-la-Forêt,0,0,0,0,2,1,0,0,0,0,0,6
Vierzon,1,1,0,1,2,2,0,1,1,1,0,1
Fontainebleau,1,0,0,0,1,0,0,0,1,2,0,10
Sarcelles,1,1,1,1,3,2,0,1,1,1,0,1
Compiègne,2,3,2,1,7,1,0,4,2,2,0,6
Nemours,0,0,1,0,1,1,0,1,1,0,0,2
Lucé,0,0,1,0,3,0,0,1,0,0,0,0
Sainte-Maxime,1,0,0,0,2,0,0,0,0,0,0,0
Chartres,3,3,1,1,3,1,0,1,0,0,0,3
Mèze,0,0,0,0,0,0,0,2,0,0,0,0
Nogent-le-Rotrou,0,0,0,0,0,2,0,2,1,0,0,0
Brignoles,1,1,1,0,2,1,0,4,1,1,0,0
Mainvilliers,0,1,0,0,1,3,0,0,1,0,0,0
Frontignan,0,0,0,0,0,1,0,1,0,0,0,2
Mauguio,0,0,0,0,0,0,0,0,0,0,0,0
Boulogne-sur-Mer,1,2,1,0,2,0,0,2,1,1,0,1
Écully,2,0,0,0,2,0,0,1,0,1,0,0
Saint-Cyprien,0,0,0,0,0,0,0,0,0,0,0,0
Blois,9,3,2,1,8,2,0,1,1,1,0,5
Saumur,1,0,1,0,9,2,0,2,1,1,0,4
Sète,1,1,1,0,6,0,0,3,1,1,0,5
Auxerre,4,4,1,0,4,3,0,5,2,1,0,17
Lunel,0,0,0,0,1,0,0,2,2,0,0,4
Vendôme,0,0,0,1,3,2,0,2,1,1,0,0
Romorantin-Lanthenay,0,0,0,1,2,2,0,1,1,1,0,0
Hyères,1,0,0,0,11,2,0,4,1,1,0,11
Brétigny-sur-Orge,4,0,1,1,1,1,0,0,0,0,0,2
Quimper,7,4,3,1,6,6,0,16,1,1,0,15
Lisieux,2,3,1,0,3,1,0,2,1,1,0,9
Morlaix,1,0,1,0,4,2,0,4,1,1,0,0
Plérin,0,1,0,0,0,1,0,0,0,0,0,7
Calais,3,1,4,0,6,6,0,2,1,1,16,8
Cholet,3,0,2,1,9,6,0,2,1,2,0,4
Mende,3,2,1,0,4,1,0,4,1,1,0,2
Villeneuve-lès-Avignon,0,0,1,0,0,0,0,1,0,0,0,1
Bressuire,0,0,1,0,1,1,0,2,1,1,0,2
Douarnenez,0,0,0,0,0,2,0,2,1,0,0,3
Saint-Brieuc,6,2,2,1,6,1,0,9,1,2,0,8
Ploufragan,0,0,0,0,0,2,0,0,0,0,0,0
Flers,0,0,1,0,2,2,0,4,1,1,0,0
Sarrebourg,0,1,0,0,2,1,0,4,1,1,0,2
Dourdan,0,0,0,0,3,1,0,0,1,1,0,0
Mantes-la-Ville,0,0,0,0,0,1,0,0,0,0,0,1
Montlouis-sur-Loire,0,0,0,0,0,1,0,0,0,0,0,2
La Chapelle-Saint-Luc,0,0,0,1,0,1,0,0,0,0,0,0
Manosque,2,0,1,0,3,1,0,0,1,1,0,3
Château-Gontier,0,0,0,0,3,1,0,1,1,1,0,0
Gisors,0,0,0,0,2,2,0,0,1,1,0,1
Pont-Saint-Esprit,0,0,0,0,1,0,0,0,0,0,0,0
Beaucaire,0,1,0,0,0,0,0,3,0,0,0,0
Limay,0,0,0,0,1,0,0,0,0,0,0,0
Gap,2,1,2,1,4,1,0,1,1,1,2,5
Mayenne,0,1,1,1,3,1,0,2,1,1,0,0
Longjumeau,0,0,0,0,0,1,0,2,1,2,0,5
Tarare,0,0,0,0,1,2,0,1,1,0,0,0
Montigny-lès-Cormeilles,0,0,1,1,2,0,0,0,0,0,0,0
Nîmes,7,5,5,2,13,7,0,8,2,3,0,13
Bagnols-sur-Cèze,1,1,0,0,3,1,0,4,1,1,0,0
Saint-Gilles,0,0,0,0,0,1,0,0,0,0,0,2
Vauvert,0,0,0,0,0,0,0,1,0,0,0,2
Mantes-la-Jolie,3,2,2,0,5,1,0,4,1,1,0,1
Cormeilles-en-Parisis,2,0,0,0,3,1,0,0,0,1,0,2
Torcy,0,0,0,0,3,0,0,1,0,0,0,2
Bussy-Saint-Georges,0,0,0,0,2,0,0,0,0,0,0,2
Roissy-en-Brie,0,0,2,1,4,0,0,0,0,0,0,0
Saint-Lô,2,1,1,1,5,1,0,7,1,1,0,4
Chanteloup-les-Vignes,0,0,0,0,0,0,0,0,0,0,0,2
Lannion,2,0,1,0,2,3,0,2,1,1,0,0
Lourdes,0,0,0,0,2,1,0,2,1,1,0,0
Laval,4,4,4,0,9,4,0,5,1,1,0,7
Provins,1,0,0,0,0,1,0,2,1,1,0,1
Chelles,0,0,1,0,3,1,0,1,0,0,0,1
Vaires-sur-Marne,0,0,0,0,0,0,0,0,0,0,0,0
Lognes,0,0,0,0,1,0,0,0,0,0,0,1
Chilly-Mazarin,0,1,0,0,2,0,0,1,0,0,0,0
Ozoir-la-Ferrière,0,0,0,0,1,1,0,0,0,0,0,0
Herblay,0,0,0,0,2,0,0,0,0,0,0,4
Noisiel,0,0,0,0,1,0,0,0,0,0,0,2
Troyes,7,2,4,0,11,3,0,8,1,2,0,6
Lagny-sur-Marne,0,0,0,0,1,1,0,3,0,0,0,0
Pontault-Combault,0,0,0,0,1,0,0,1,0,0,0,2
Sainte-Savine,0,0,0,0,1,0,0,0,0,0,0,0
Saint-André-les-Vergers,0,0,0,1,0,0,0,0,0,0,0,1
Épernay,1,1,1,0,7,1,0,3,1,1,0,5
Champs-sur-Marne,0,0,1,0,0,0,0,0,0,0,0,2
Draveil,1,1,0,0,0,0,0,0,0,0,0,0
Les Mureaux,1,2,0,1,3,0,0,1,0,0,0,0
Châlons-en-Champagne,1,1,3,0,9,1,0,4,1,1,0,2
La Celle-Saint-Cloud,0,0,0,0,0,1,0,0,0,0,0,0
Garges-lès-Gonesse,1,1,0,0,2,0,0,0,0,0,0,0
Vitry-le-François,1,0,0,0,1,1,0,1,1,1,0,0
Saint-Dizier,0,0,2,0,6,1,0,4,1,1,0,0
Saint-Martin-de-Crau,1,0,0,0,1,0,0,0,0,0,0,3
Villebon-sur-Yvette,0,0,0,0,0,0,0,0,0,0,0,0
Metz,6,4,11,1,14,3,0,8,2,1,0,17
Arnouville,0,2,1,0,1,0,0,1,0,0,0,0
Villiers-le-Bel,0,1,0,0,1,3,0,0,0,0,0,0
Pont-Sainte-Maxence,0,0,0,0,0,0,0,1,0,0,2,2
Saint-Amand-Montrond,0,0,0,0,1,3,0,0,1,1,0,5
Alençon,3,2,1,1,2,5,0,1,1,1,0,5
Méru,1,0,0,1,2,2,0,0,0,0,0,0
Persan,1,1,0,1,3,0,0,0,0,0,0,0
Bischwiller,0,0,0,0,0,2,0,1,0,0,0,3
Évreux,6,6,4,1,10,4,0,9,2,1,0,2
Chaumont,2,3,0,1,6,0,0,4,1,1,0,1
Saint-Malo,7,1,2,0,6,1,0,4,1,1,0,9
Autun,0,2,0,0,6,1,0,3,1,1,0,2
Poissy,2,2,1,0,3,2,0,4,1,2,0,4
Carrières-sous-Poissy,0,1,2,0,3,1,0,0,0,0,0,0
Mâcon,4,3,1,0,4,3,0,2,1,1,0,5
Verdun,2,4,1,0,1,1,0,4,1,1,0,0
Le Pecq,0,0,0,0,0,0,0,0,0,0,0,1
Triel-sur-Seine,0,0,0,0,0,0,0,0,0,0,0,0
Obernai,1,0,0,0,0,0,0,1,0,0,0,0
Granville,0,1,0,0,3,1,0,1,1,0,0,0
Épinay-sous-Sénart,0,0,0,0,0,0,0,0,0,0,0,5
Sens,5,0,1,0,0,1,0,5,1,1,2,1
Saverne,0,1,0,1,0,1,0,3,1,1,0,0
Montgeron,2,0,1,1,2,0,0,0,0,0,0,0
Cuers,0,0,0,0,0,1,0,1,0,0,0,0
Villeparisis,1,0,0,0,3,1,0,0,0,0,0,0
La Crau,1,1,0,0,0,0,0,1,0,0,0,0
Rambouillet,3,0,0,0,2,1,0,2,1,1,0,3
Béthune,0,1,2,0,2,0,0,2,2,2,0,3
Solliès-Pont,0,0,2,0,0,1,0,0,0,0,0,0
Crépy-en-Valois,0,0,0,0,0,1,0,1,0,0,0,0
Plouzané,0,0,0,0,0,0,0,0,0,0,0,2
Avion,0,0,0,0,0,0,0,1,0,0,0,0
Auchel,0,0,0,0,0,0,0,0,0,0,0,0
Bruay-la-Buissière,0,1,0,0,2,0,0,1,0,0,0,1
Amnéville,0,0,0,0,0,0,0,0,0,0,0,0
Arras,2,2,7,1,6,1,0,2,1,2,0,4
Bully-les-Mines,1,0,0,0,0,0,0,3,0,0,0,0
Forbach,1,1,2,1,2,0,0,3,1,1,0,0
Hénin-Beaumont,0,0,0,0,0,0,0,2,1,0,0,0
Lillers,1,0,0,0,0,0,0,0,0,0,0,0
Les Ulis,0,0,0,0,1,1,0,0,0,0,0,0
Liévin,1,1,0,0,1,1,0,1,1,1,0,0
Lens,0,0,3,1,2,3,0,4,1,1,2,3
Courrières,0,0,0,0,0,1,0,0,0,0,0,0
Thiers,2,1,0,0,2,1,0,1,1,1,0,1
Nux-les-Mines,1,0,0,0,0,1,0,0,0,0,0,2
Florange,0,0,0,0,5,1,0,0,0,0,0,1
Méricourt,0,0,0,0,0,0,0,0,0,0,0,0
Harnes,0,0,0,0,0,0,0,0,0,0,0,0
Montigny-en-Gohelle,0,0,0,0,0,1,0,0,0,0,0,0
Stiring-Wendel,0,0,0,0,0,0,0,0,0,0,0,0
Cogolin,0,0,0,0,0,1,0,2,0,0,0,0
Guipavas,0,0,0,0,0,0,0,1,0,0,0,0
Bernay,2,1,1,0,2,3,0,8,1,1,0,3
Étampes,1,1,1,1,6,2,0,4,1,1,0,0
Saint-André-de-Cubzac,0,0,0,0,0,0,0,2,0,0,0,0
Albert,0,0,0,0,0,2,0,0,0,0,0,3
Hayange,0,0,0,0,1,0,0,1,1,0,0,0
Montereau-Fault-Yonne,0,0,1,0,1,0,0,0,1,1,0,1
Chantilly,0,0,0,0,0,1,0,0,0,0,0,2
Châteauroux,3,2,1,1,6,1,0,1,1,1,0,3
Fameck,1,0,1,1,2,0,0,0,0,0,0,6
Châteaudun,2,0,0,2,2,1,0,1,1,1,0,0
Senlis,1,0,0,0,1,0,0,1,1,1,0,0
Onet-le-Château,1,0,0,1,2,0,1,0,0,0,0,1
Arpajon,0,0,0,0,1,0,0,0,1,1,0,0
Romilly-sur-Seine,0,0,0,0,2,1,0,4,1,1,0,0
Chalon-sur-Saône,1,4,2,1,13,1,0,7,0,1,0,2
Le Creusot,0,1,2,0,2,0,0,3,0,1,0,0
Bar-le-Duc,4,1,1,0,2,2,0,3,1,1,0,1
Barentin,0,0,0,0,1,0,0,0,0,0,0,0
Bois-Guillaume,0,0,0,0,1,0,0,1,1,0,0,0
Vaulx-en-Velin,0,1,0,1,6,1,0,2,0,1,0,0
Rillieux-la-Pape,0,0,0,0,0,3,0,2,1,1,0,0
Rive-de-Gier,1,0,0,0,0,0,0,1,0,0,0,2
Givors,0,0,0,1,1,0,0,1,1,1,0,0
Villefranche-sur-Saône,1,2,2,0,6,2,0,0,0,0,0,0
Genas,0,0,0,0,0,0,0,0,0,0,0,1
Sainte-Foy-lès-Lyon,2,0,0,0,0,1,0,0,0,1,0,0
Tassin-la-Demi-Lune,2,0,0,0,1,0,0,1,0,0,0,0
Lamballe,0,0,0,1,2,1,0,3,0,0,0,5
Décines-Charpieu,0,0,0,0,0,2,0,2,1,0,0,5
Oullins,2,0,1,0,4,0,0,2,0,0,0,2
Brignais,0,0,0,0,0,0,0,0,0,0,0,0
Dinan,1,0,1,0,2,2,0,5,1,1,0,0
Bayeux,0,2,0,0,2,1,0,2,1,1,0,0
Vienne,4,2,1,0,3,1,0,1,1,1,0,6
Saint-Genis-Laval,2,1,0,1,4,0,0,0,0,0,0,1
Meyzieu,0,0,0,0,2,0,0,1,0,0,0,2
Corbas,0,0,0,0,0,0,0,0,0,0,0,1
Mions,0,0,0,0,0,0,0,1,0,0,0,0
Saint-Priest,1,0,0,0,4,0,0,0,1,0,0,3
Craponne,0,0,0,0,0,0,0,0,0,0,0,0
Francheville,1,0,0,0,1,0,0,0,0,0,0,0
Lorient,4,3,3,1,6,0,0,7,1,1,0,9
Challans,1,0,0,0,6,1,0,3,1,1,0,0
Vertou,0,0,1,1,1,1,0,1,0,0,0,0
Libourne,3,1,1,0,2,1,0,3,1,1,0,2
Hennebont,0,0,0,0,0,2,0,2,0,0,0,4
Pontivy,1,0,1,1,3,3,0,5,0,0,0,1
Tarnos,1,0,0,0,3,0,0,0,0,0,0,2
Lanester,0,1,0,0,2,0,0,3,0,0,0,4
Landerneau,2,0,0,0,0,0,0,2,1,1,0,1
Saint-Hilaire-de-Riez,0,0,0,0,0,0,0,0,0,0,0,0
Biarritz,1,0,0,0,1,1,0,0,1,0,0,3
Bayonne,3,0,2,1,2,1,0,6,2,2,0,10
Orthez,0,0,0,0,0,1,0,3,1,0,0,1
Anglet,2,1,0,0,2,0,0,1,0,0,0,5
Brest,10,4,5,1,18,7,0,6,4,2,0,34
Saint-Julien-en-Genevois,1,0,0,0,0,0,0,0,1,1,0,1
Saint-Louis,0,0,1,0,2,0,0,0,1,1,0,0
Pontarlier,3,0,0,1,8,2,0,1,1,1,0,0
Gaillard,2,0,2,0,0,0,0,0,0,0,0,5
Argentan,0,0,0,0,1,2,0,2,1,1,0,0
Orange,1,0,1,0,1,0,0,4,1,1,0,1
17e Arrondissement,4,0,4,0,17,2,0,7,0,1,0,27
8e Arrondissement,0,0,0,0,3,0,0,3,0,0,0,7
Moissy-Cramayel,0,0,0,0,0,0,0,0,0,0,0,0
9e Arrondissement,1,2,3,0,9,0,0,6,0,0,2,8
Savigny-le-Temple,0,0,0,0,2,0,0,0,0,0,0,3
Lieusaint,0,0,0,0,1,0,0,0,0,0,0,0
Cran-Gevrier,1,0,0,0,2,2,0,0,0,0,0,1
Aix-les-Bains,1,0,0,0,2,2,0,2,2,0,0,0
Seynod,0,0,0,0,1,1,0,1,0,0,0,0
Annecy-le-Vieux,1,0,0,0,1,0,0,0,0,0,0,2
Annecy,4,2,3,1,14,1,0,0,1,1,0,9
Albertville,4,0,3,1,3,2,0,1,1,1,0,2
